name,author,narrator,time,releasedate,language,stars,price
Geronimo Stilton #11 & #12,Writtenby:GeronimoStilton,Narratedby:BillLobely,2 hrs and 20 mins,04-08-2008,English,5 out of 5 stars34 ratings,468
The Burning Maze,Writtenby:RickRiordan,Narratedby:RobbieDaymond,13 hrs and 8 mins,01-05-2018,English,4.5 out of 5 stars41 ratings,820
The Deep End,Writtenby:JeffKinney,Narratedby:DanRussell,2 hrs and 3 mins,06-11-2020,English,4.5 out of 5 stars38 ratings,410
Daughter of the Deep,Writtenby:RickRiordan,Narratedby:SoneelaNankani,11 hrs and 16 mins,05-10-2021,English,4.5 out of 5 stars12 ratings,615
"The Lightning Thief: Percy Jackson, Book 1",Writtenby:RickRiordan,Narratedby:JesseBernstein,10 hrs,13-01-2010,English,4.5 out of 5 stars181 ratings,820
The Hunger Games: Special Edition,Writtenby:SuzanneCollins,Narratedby:TatianaMaslany,10 hrs and 35 mins,30-10-2018,English,5 out of 5 stars72 ratings,656
Quest for the Diamond Sword,Writtenby:WinterMorgan,Narratedby:LukeDaniels,2 hrs and 23 mins,25-11-2014,English,5 out of 5 stars11 ratings,233
The Dark Prophecy,Writtenby:RickRiordan,Narratedby:RobbieDaymond,12 hrs and 32 mins,02-05-2017,English,5 out of 5 stars50 ratings,820
Merlin Mission Collection,Writtenby:MaryPopeOsborne,Narratedby:MaryPopeOsborne,10 hrs and 56 mins,02-05-2017,English,5 out of 5 stars5 ratings,"1,256.00"
The Tyrant’s Tomb,Writtenby:RickRiordan,Narratedby:RobbieDaymond,13 hrs and 22 mins,24-09-2019,English,5 out of 5 stars58 ratings,820
"The Titan's Curse: Percy Jackson, Book 3",Writtenby:RickRiordan,Narratedby:JesseBernstein,8 hrs and 48 mins,14-01-2010,English,4.5 out of 5 stars130 ratings,820
Magic Tree House Collection: Books 9-16,Writtenby:MaryPopeOsborne,Narratedby:MaryPopeOsborne,5 hrs and 23 mins,24-08-2011,English,5 out of 5 stars6 ratings,"1,206.00"
Magic Tree House Collection: Books 1-8,,Narratedby:MaryPopeOsborne,6 hrs and 1 min,27-09-2011,English,5 out of 5 stars7 ratings,"1,206.00"
Magnus Chase and the Ship of the Dead,Writtenby:RickRiordan,Narratedby:MichaelCrouch,12 hrs and 58 mins,03-10-2017,English,5 out of 5 stars41 ratings,820
Northern Lights,Writtenby:PhilipPullman,"Narratedby:PhilipPullman,fullcast,RuthWilson",11 hrs and 55 mins,24-06-2021,English,4 out of 5 stars2 ratings,"1,093.00"
Geronimo Stilton #13 and #14,Writtenby:GeronimoStilton,Narratedby:BillLobley,2 hrs and 25 mins,08-02-2008,English,4.5 out of 5 stars33 ratings,467
Magic Tree House Collection,Writtenby:MaryPopeOsborne,Narratedby:MaryPopeOsborne,5 hrs and 4 mins,26-12-2004,English,5 out of 5 stars7 ratings,"1,206.00"
Exile,Writtenby:ShannonMessenger,Narratedby:CaitlinKelly,14 hrs and 41 mins,06-11-2018,English,5 out of 5 stars20 ratings,836
Merlin Mission Collection,Writtenby:MaryPopeOsborne,Narratedby:MaryPopeOsborne,10 hrs and 18 mins,02-05-2017,English,5 out of 5 stars11 ratings,"1,256.00"
Neverseen,Writtenby:ShannonMessenger,Narratedby:CaitlinKelly,16 hrs and 42 mins,06-11-2018,English,5 out of 5 stars13 ratings,"1,003.00"
The Tower of Nero,Writtenby:RickRiordan,Narratedby:RobbieDaymond,12 hrs and 12 mins,06-10-2020,English,5 out of 5 stars79 ratings,615
"Eldest: The Inheritance Cycle, Book 2",,Narratedby:GerrardDoyle,23 hrs and 29 mins,14-04-2009,English,4.5 out of 5 stars47 ratings,957
Artemis Fowl,Writtenby:EoinColfer,Narratedby:GerryO'Brien,6 hrs and 46 mins,11-04-2013,English,5 out of 5 stars27 ratings,683
Geronimo Stilton 22 & 24,Writtenby:GeronimoStilton,Narratedby:BillLobley,2 hrs and 37 mins,01-02-2011,English,4.5 out of 5 stars25 ratings,469
Percy Jackson and the Battle of the Labyrinth,Writtenby:RickRiordan,Narratedby:JesseBernstein,10 hrs and 32 mins,21-01-2010,English,5 out of 5 stars101 ratings,820
Winnie-the-Pooh,Writtenby:A.A.Milne,Narratedby:PeterDennis,2 hrs and 46 mins,28-12-2003,English,5 out of 5 stars15 ratings,468
Magic Tree House Collection: Books 25-32,,Narratedby:MaryPopeOsborne,7 hrs and 9 mins,01-09-2020,English,5 out of 5 stars3 ratings,"1,256.00"
Geronimo Stilton #20 and #21,,Narratedby:BillLobley,2 hrs and 32 mins,01-10-2010,English,5 out of 5 stars18 ratings,469
The Red Pyramid,,"Narratedby:JaneCollingwood,JosephMay",13 hrs and 44 mins,24-01-2013,English,4.5 out of 5 stars37 ratings,820
Mystery of the Griefer's Mark,,Narratedby:LukeDaniels,1 hr and 53 mins,25-11-2014,English,5 out of 5 stars9 ratings,233
Geronimo Stilton #17,,Narratedby:BillLobley,2 hrs and 28 mins,13-07-2009,English,5 out of 5 stars8 ratings,468
The House at Pooh Corner,Writtenby:A.A.Milne,Narratedby:PeterDennis,3 hrs and 12 mins,05-04-2005,English,5 out of 5 stars5 ratings,374
Mission Unstoppable,,Narratedby:MichaelGoldstrom,6 hrs and 8 mins,01-08-2013,English,5 out of 5 stars8 ratings,702
Darkness of Dragons,,Narratedby:ShannonMcManus,10 hrs and 26 mins,01-08-2017,English,5 out of 5 stars8 ratings,656
"14 Short Stories Bundle for Kids: Adventure, Science Fiction, Aesop’s Fables, Classic Fairy Tales and Christmas Story Books for Children",,"Narratedby:MonicaRachelle,JimD.Johnston,KatieOtten",3 hrs and 13 mins,22-01-2019,English,Not rated yet,501
The Adventures of Rusty,,Narratedby:NehaGargava,5 hrs and 41 mins,01-11-2018,Hindi,4.5 out of 5 stars10 ratings,284
Geronimo Stilton #15 and #16,Writtenby:GeronimoStilton,Narratedby:BillLobley,2 hrs and 43 mins,08-02-2008,English,4 out of 5 stars28 ratings,467
The Lost Heir,Writtenby:TuiT.Sutherland,Narratedby:ShannonMcManus,7 hrs and 23 mins,04-02-2016,English,5 out of 5 stars9 ratings,575
Everblaze,Writtenby:ShannonMessenger,Narratedby:CaitlinKelly,14 hrs and 39 mins,06-11-2018,English,5 out of 5 stars18 ratings,836
Treasure Hunters in Trouble,Writtenby:WinterMorgan,Narratedby:LukeDaniels,1 hr and 58 mins,31-03-2015,English,5 out of 5 stars7 ratings,668
Lodestar,Writtenby:ShannonMessenger,Narratedby:CaitlinKelly,16 hrs and 31 mins,06-11-2018,English,5 out of 5 stars19 ratings,"1,003.00"
Curse of the Arctic Star,Writtenby:CarolynKeene,Narratedby:JorjeanaMarie,3 hrs and 35 mins,28-12-2014,English,4.5 out of 5 stars25 ratings,305
The Ghost of Grey Fox Inn,Writtenby:CarolynKeene,Narratedby:JorjeanaMarie,3 hrs and 19 mins,20-03-2017,English,5 out of 5 stars11 ratings,305
Rowley Jefferson's Awesome Friendly Adventure,Writtenby:JeffKinney,Narratedby:ChristopherGebauer,1 hr and 31 mins,04-08-2020,English,4 out of 5 stars16 ratings,410
Flashback,Writtenby:ShannonMessenger,Narratedby:CaitlinKelly,23 hrs and 9 mins,11-12-2018,English,5 out of 5 stars12 ratings,"1,170.00"
Secret of the Red Arrow,Writtenby:FranklinW.Dixon,Narratedby:TimGregory,3 hrs and 33 mins,04-11-2015,English,4.5 out of 5 stars16 ratings,305
"The Lightning Thief: Percy Jackson, Book 1",Writtenby:RickRiordan,Narratedby:WalterLewis,3 hrs and 51 mins,13-01-2010,English,4 out of 5 stars4 ratings,615
Clash of the Creepers,Writtenby:WinterMorgan,Narratedby:LukeDaniels,2 hrs and 1 min,07-07-2015,English,5 out of 5 stars10 ratings,233
The Skeletons Strike Back,Writtenby:WinterMorgan,Narratedby:LukeDaniels,2 hrs and 1 min,07-07-2015,English,5 out of 5 stars7 ratings,233
Dragonslayer,Writtenby:TuiT.Sutherland,Narratedby:ShannonMcManus,12 hrs and 44 mins,03-03-2020,English,5 out of 5 stars17 ratings,656
A Bear Called Paddington,Writtenby:MichaelBond,Narratedby:StephenFry,2 hrs and 39 mins,24-06-2008,English,Not rated yet,266
Gregor and the Curse of the Warmbloods,Writtenby:SuzanneCollins,Narratedby:PaulBoehmer,7 hrs and 47 mins,26-12-2004,English,Not rated yet,"1,005.00"
The Dark Secret,Writtenby:TuiT.Sutherland,Narratedby:ShannonMcManus,7 hrs and 35 mins,01-07-2016,English,5 out of 5 stars9 ratings,575
The Gruffalo's Child,"Writtenby:JuliaDonaldson,AxelScheffler",Narratedby:ImeldaStaunton,22 mins,19-08-2010,English,4.5 out of 5 stars4 ratings,323
Merlin Mission Collection,Writtenby:MaryPopeOsborne,Narratedby:MaryPopeOsborne,13 hrs and 24 mins,02-05-2017,English,5 out of 5 stars8 ratings,"1,256.00"
Keys to the Demon Prison,Writtenby:BrandonMull,Narratedby:E.B.Stevens,17 hrs and 37 mins,01-08-2013,English,5 out of 5 stars1 rating,516
Legacy,Writtenby:ShannonMessenger,Narratedby:CaitlinKelly,22 hrs and 55 mins,05-11-2019,English,5 out of 5 stars14 ratings,"1,170.00"
The Endermen Invasion,Writtenby:WinterMorgan,Narratedby:LukeDaniels,2 hrs and 2 mins,26-05-2015,English,5 out of 5 stars5 ratings,233
Captain Underpants and the Revolting Revenge of the Radioactive Robo-Boxers,Writtenby:DavPilkey,"Narratedby:LenForgione,AshtonSundholm,JadenRogers",2 hrs and 10 mins,02-11-2021,English,5 out of 5 stars1 rating,445
You Only Die Twice,Writtenby:DanGutman,Narratedby:MichaelGoldstrom,5 hrs and 49 mins,17-09-2013,English,5 out of 5 stars5 ratings,585
From Texas with Love,Writtenby:DanGutman,Narratedby:MichaelGoldstrom,5 hrs and 27 mins,28-01-2014,English,5 out of 5 stars6 ratings,702
Across the Desert,Writtenby:DustiBowling,Narratedby:StacyGonzalez,6 hrs and 13 mins,29-03-2022,English,Not rated yet,703
Unicorn Academy: Aisha and Silver,Writtenby:JulieSykes,Narratedby:KristinAtherton,1 hr and 34 mins,10-03-2022,English,Not rated yet,266
Laura Blackman and The Five Cunning Aardvarks,Writtenby:StellaRobson,Narratedby:DerekSteel,13 mins,15-12-2021,English,Not rated yet,117
The Dragonet Prophecy,Writtenby:TuiT.Sutherland,Narratedby:ShannonMcManus,8 hrs and 32 mins,01-07-2012,English,5 out of 5 stars11 ratings,820
Dangerous Gift,Writtenby:TuiT.Sutherland,Narratedby:ShannonMcManus,7 hrs and 51 mins,02-03-2021,English,5 out of 5 stars9 ratings,445
"The 39 Clues, Book 6",Writtenby:JudeWatson,Narratedby:DavidPittu,5 hrs and 10 mins,06-11-2009,English,5 out of 5 stars4 ratings,468
Never Say Genius,Writtenby:DanGutman,Narratedby:MichaelGoldstrom,5 hrs and 27 mins,23-08-2013,English,5 out of 5 stars8 ratings,585
The Madman of Black Bear Mountain,Writtenby:FranklinW.Dixon,Narratedby:TimGregory,2 hrs and 54 mins,07-06-2016,English,5 out of 5 stars3 ratings,305
Unicorn Academy: Zara and Moonbeam,Writtenby:JulieSykes,Narratedby:KristinAtherton,1 hr and 35 mins,10-03-2022,English,Not rated yet,266
El fantasma de la bodega,Writtenby:FranciscoDíazValladares,Narratedby:NuriaSamsó,2 hrs and 23 mins,04-04-2022,spanish,Not rated yet,192
El paseo encantado,Writtenby:Mattel,Narratedby:VanessaPérezJurado,33 mins,01-04-2022,spanish,Not rated yet,76
Wigetta,"Writtenby:Vegetta777,Willyrex",Narratedby:ÁlexdePorrata,3 hrs and 37 mins,05-04-2022,spanish,Not rated yet,192
Aru Shah and the Nectar of Immortality,Writtenby:RoshaniChokshi,Narratedby:SoneelaNankani,11 hrs and 19 mins,05-04-2022,English,Not rated yet,821
Barnabas der Wolkenschaufler,"Writtenby:SophieSchoenwald,NadineReitz-Illustrator",Narratedby:BerndReheuser,2 hrs and 56 mins,04-04-2022,german,Not rated yet,200
The Boy in the Post,Writtenby:HollyRivers,Narratedby:SusieTrayling,6 hrs and 58 mins,01-04-2022,English,Not rated yet,706
Thornwood,Writtenby:LeahCypess,Narratedby:JessicaAlmasy,5 hrs and 41 mins,05-04-2022,English,Not rated yet,904
7 histoires d'aventures !,"Writtenby:BertrandFichou,NoraThullin,CatherinedeLasa,","Narratedby:GuyChappelier,FrédéricSanchez,MarieZidi,",43 mins,11-02-2022,french,Not rated yet,679
Le Loup qui devenait chef de la forêt,Writtenby:OrianneLallemand,Narratedby:WillProduction,9 mins,01-04-2022,french,Not rated yet,112
Curse of the Robo-Dragon,Writtenby:AdamBlade,Narratedby:TheoSolomon,2 hrs and 6 mins,01-04-2022,English,Not rated yet,531
Call of the Crow,Writtenby:JessicaKhoury,"Narratedby:MichaelGallagher,EmilyEiden",9 hrs and 30 mins,05-04-2022,English,Not rated yet,586
Glass Slippers,Writtenby:LeahCypess,Narratedby:KeylorLeigh,5 hrs and 38 mins,05-04-2022,English,Not rated yet,904
Captain Underpants and the Sensational Saga of Sir Stinks-a-Lot,Writtenby:DavPilkey,"Narratedby:LenForgione,WinstonBromhead,I'keMitchell",1 hr and 37 mins,05-04-2022,English,Not rated yet,586
Tiger Honor,Writtenby:YoonHaLee,Narratedby:ElissaPark,7 hrs and 36 mins,04-01-2022,English,5 out of 5 stars1 rating,586
The Amulet of Samarkand,Writtenby:JonathanStroud,Narratedby:StevenPacey,9 hrs and 30 mins,01-02-2007,English,5 out of 5 stars17 ratings,683
Rowley Jefferson's Awesome Friendly Spooky Stories,Writtenby:JeffKinney,Narratedby:ChristopherGebauer,1 hr and 29 mins,16-03-2021,English,3.5 out of 5 stars7 ratings,410
Lost in the End,Writtenby:WinterMorgan,Narratedby:SummerMcCusker,1 hr and 43 mins,06-04-2016,English,5 out of 5 stars5 ratings,233
Trouble Island,Writtenby:FranklinW.Dixon,Narratedby:TimGregory,4 hrs and 24 mins,01-06-2021,English,5 out of 5 stars2 ratings,305
Terrors of the Forest,Writtenby:MarkCheverton,Narratedby:NickWalther,8 hrs and 12 mins,25-01-2022,English,Not rated yet,703
Riverboat Roulette,Writtenby:CarolynKeene,Narratedby:JorjeanaMarie,2 hrs and 46 mins,20-03-2017,English,5 out of 5 stars4 ratings,305
The Book of Chaos,Writtenby:JessicaRenwick,Narratedby:RebaBuhr,5 hrs and 30 mins,15-03-2022,English,Not rated yet,"1,172.00"
"Fortunately, the Milk...",Writtenby:NeilGaiman,Narratedby:NeilGaiman,58 mins,22-11-2021,English,Not rated yet,683
Discoveries in the Overworld,Writtenby:WinterMorgan,Narratedby:SummerMcCusker,1 hr and 49 mins,06-04-2016,English,5 out of 5 stars4 ratings,233
The Last Human,Writtenby:LeeBacon,Narratedby:PaulPanting,6 hrs and 42 mins,03-10-2019,English,5 out of 5 stars7 ratings,949
Welcome to Smellville,Writtenby:R.L.Stine,"Narratedby:JordanFisher,DaschaPolanco,JonieceAbbott-Pratt,",3 hrs and 18 mins,29-09-2020,English,Not rated yet,585
An Explorer's Guide to the Nether,Writtenby:WinterMorgan,Narratedby:SummerMcCusker,1 hr and 50 mins,30-03-2016,English,5 out of 5 stars4 ratings,233
The Midnight Gang,Writtenby:DavidWalliams,"Narratedby:DavidWalliams,PeterSerafinowicz,MorwennaBanks,",6 hrs and 9 mins,15-11-2016,English,4.5 out of 5 stars3 ratings,322
As the Falcon Flies,Writtenby:FranklinW.Dixon,Narratedby:AdamVerner,3 hrs and 8 mins,04-01-2022,English,Not rated yet,305
The Squad of Lucky Landing: An Unofficial Fortnite Adventure Novel,Writtenby:DevinHunter,Narratedby:RamonDeOcampo,2 hrs and 11 mins,30-10-2018,English,5 out of 5 stars2 ratings,585
Pahua and the Soul Stealer,Writtenby:LoriM.Lee,Narratedby:SamanthaTan,11 hrs and 12 mins,07-09-2021,English,Not rated yet,702
El monstruo marino secreto,Writtenby:Mattel,Narratedby:VanessaPérezJurado,30 mins,01-04-2022,spanish,Not rated yet,76
Sabotage on the Solar Express,"Writtenby:M.G.Leonard,SamSedgman","Narratedby:ElisaPaganelli,JotDavies",5 hrs and 35 mins,17-02-2022,English,Not rated yet,323
A Boy Called Christmas,Writtenby:MattHaig,Narratedby:StephenFry,4 hrs and 32 mins,03-11-2016,English,4.5 out of 5 stars21 ratings,569
"The 39 Clues, Book 4",Writtenby:JudeWatson,Narratedby:DavidPittu,4 hrs and 37 mins,23-06-2009,English,5 out of 5 stars6 ratings,468
"The 39 Clues, Book 3",Writtenby:PeterLerangis,Narratedby:DavidPittu,3 hrs and 51 mins,03-03-2009,English,5 out of 5 stars9 ratings,468
The Disappearance,Writtenby:FranklinW.Dixon,Narratedby:TimGregory,3 hrs and 50 mins,14-05-2019,English,4 out of 5 stars1 rating,305
Once Upon a Crime,Writtenby:RobinStevens,"Narratedby:KatieLeung,RebeccaLee,AlexanderCapon,",6 hrs and 50 mins,05-08-2021,English,Not rated yet,615
Billionaire Boy,Writtenby:DavidWalliams,"Narratedby:DavidWalliams,NitinGanatra",3 hrs and 8 mins,09-06-2011,English,5 out of 5 stars1 rating,266
The Blue Lady of Coffin Hall,Writtenby:CarolynKeene,Narratedby:JorjeanaMarie,3 hrs and 52 mins,04-01-2022,English,5 out of 5 stars2 ratings,305
Danger at Dead Man's Pass,"Writtenby:M.G.Leonard,SamSedgman,ElisaPaganelli-illustrator",Narratedby:JotDavies,6 hrs and 48 mins,16-09-2021,English,Not rated yet,323
Unlocked,Writtenby:ShannonMessenger,Narratedby:CaitlinKelly,16 hrs and 2 mins,04-06-2021,English,3 out of 5 stars5 ratings,836
The Danger Gang,Writtenby:TomFletcher,"Narratedby:TomFelton,TomFletcher",4 hrs and 12 mins,01-10-2020,English,Not rated yet,615
Mountain Mare,Writtenby:TerriFarley,Narratedby:NatalieBudig,3 hrs and 55 mins,25-01-2022,English,Not rated yet,398
The Princess in Black and the Mermaid Princess,"Writtenby:ShannonHale,DeanHale",Narratedby:JuliaWhelan,20 mins,01-02-2022,English,Not rated yet,352
The Vanishing Statue,Writtenby:CarolynKeene,Narratedby:JorjeanaMarie,4 hrs and 5 mins,16-06-2020,English,5 out of 5 stars6 ratings,305
Eye of the Earthquake Dragon,Writtenby:TraceyWest,Narratedby:EmilyEllet,45 mins,04-08-2020,English,5 out of 5 stars1 rating,164
Peril at Granite Peak,Writtenby:FranklinW.Dixon,Narratedby:TimGregory,3 hrs and 30 mins,21-01-2016,English,5 out of 5 stars3 ratings,305
Barbie - Aventura espacial,"Writtenby:Mattel,MartaCisaMuñoz-traductor",Narratedby:MiriamMonlleo,12 mins,02-02-2022,catalan,Not rated yet,76
The Disappearance of Emily Downs,Writtenby:C.J.Redwine,Narratedby:MiaSinclairJenness,4 hrs and 56 mins,30-09-2021,English,5 out of 5 stars1 rating,"1,003.00"
The Solution,Writtenby:KatherineApplegate,Narratedby:EmilyEllet,2 hrs and 54 mins,02-11-2021,English,Not rated yet,656
The Great Greenfield Bake-Off,Writtenby:GertrudeChandlerWarner,Narratedby:AimeeLilly,1 hr and 41 mins,01-09-2021,English,Not rated yet,234
Into Thin Air,Writtenby:FranklinW.Dixon,Narratedby:TimGregory,2 hrs and 39 mins,21-01-2016,English,5 out of 5 stars10 ratings,305
Once upon a Thriller,Writtenby:CarolynKeene,Narratedby:JorjeanaMarie,2 hrs and 21 mins,24-09-2015,English,5 out of 5 stars12 ratings,305
The Magician's Nephew,Writtenby:C.S.Lewis,Narratedby:KennethBranagh,3 hrs and 55 mins,29-08-2005,English,5 out of 5 stars7 ratings,303
Leonora Bolt: Secret Inventor,Writtenby:LucyBrandt,Narratedby:NicoleDavis,2 hrs and 55 mins,20-01-2022,English,Not rated yet,410
The Snail and the Whale,Writtenby:JuliaDonaldson,Narratedby:ImeldaStaunton,23 mins,07-10-2008,English,5 out of 5 stars5 ratings,323
Tigers for Dinner,Writtenby:RuskinBond,Narratedby:AdnanKapadia,39 mins,01-01-2017,English,4.5 out of 5 stars20 ratings,284
The Hidden Kingdom,Writtenby:TuiT.Sutherland,Narratedby:ShannonMcManus,7 hrs and 34 mins,01-07-2016,English,5 out of 5 stars9 ratings,575
Eagle Strike,Writtenby:AnthonyHorowitz,Narratedby:OliverChris,6 hrs and 57 mins,20-05-2021,English,5 out of 5 stars2 ratings,569
Captain Marvel - Ultron blir viral,"Writtenby:Marvel,CamillaDunér",Narratedby:MalinLybeck,11 mins,11-01-2022,swedish,Not rated yet,32
Toy Story 4,"Writtenby:Disney,OskarBlomberg",Narratedby:FrederickHalbout,2 hrs and 27 mins,07-01-2022,swedish,Not rated yet,166
Three Lost Seeds,"Writtenby:StephieMorton,NicoleWong-illustrator",Narratedby:StevenJayCohen,13 mins,08-02-2022,English,Not rated yet,234
Mystery on the Mayhem Express,Writtenby:FranklinW.Dixon,Narratedby:TimGregory,3 hrs and 58 mins,22-06-2021,English,5 out of 5 stars1 rating,305
Tunnel of Secrets,Writtenby:FranklinW.Dixon,Narratedby:TimGregory,3 hrs and 3 mins,02-11-2015,English,5 out of 5 stars3 ratings,305
Barbie - La puerta secreta,"Writtenby:Mattel,NicolásOluchaSánchez",Narratedby:BeatrizOlcina,11 mins,29-11-2021,spanish,Not rated yet,38
A scuola con Pongo e Tim: Henry Every,Writtenby:GiuliaSegreti,"Narratedby:GiuliaSegreti,MarcoCognigni",11 mins,09-02-2022,italian,Not rated yet,75
Black Panther: Spellbound,Writtenby:RonaldL.Smith,Narratedby:DionGraham,5 hrs and 38 mins,01-02-2022,English,Not rated yet,469
"The 39 Clues: Unstoppable, Book 3",Writtenby:NatalieStandiford,Narratedby:DavidPittu,4 hrs and 49 mins,01-05-2014,English,4.5 out of 5 stars2 ratings,410
Hello Kitty - El Club de la Amistad,"Writtenby:Sanrio,NeusCasanovaVico",Narratedby:EvaAndrés,42 mins,10-11-2021,spanish,Not rated yet,76
Treasure Island,Writtenby:RobertLouisStevenson,Narratedby:SamTaylor,6 hrs and 44 mins,06-09-2019,English,4 out of 5 stars4 ratings,32
The Human Body,Writtenby:Ladybird,Narratedby:BenBaileySmith,43 mins,17-09-2020,English,Not rated yet,410
Minecraft: The Dragon,Writtenby:NickyDrayden,Narratedby:NicoleLewis,6 hrs and 51 mins,06-07-2021,English,5 out of 5 stars1 rating,"1,005.00"
The Christmasaurus and the Naughty List,"Writtenby:TomFletcher,ShaneDevries-illustrator","Narratedby:PaulShelley,TomFletcher",6 hrs and 15 mins,14-10-2021,English,Not rated yet,615
Das Exil,"Writtenby:ShannonMessenger,DorisAttwood-Übersetzer",Narratedby:DavidNathan,15 hrs and 45 mins,25-10-2021,german,Not rated yet,468
El Cerdito de Navidad [The Christmas Pig],Writtenby:J.K.Rowling,Narratedby:CristinaTenorio,7 hrs and 18 mins,12-10-2021,spanish,Not rated yet,799
Big Change for Stuart,Writtenby:LissaEvans,Narratedby:LissaEvans,5 hrs and 12 mins,01-09-2021,English,Not rated yet,664
The Imagination Box: Beyond Infinity,Writtenby:MartynFord,Narratedby:JoshuaMcGuire,5 hrs and 1 min,28-09-2021,English,Not rated yet,569
Camp Daze,Writtenby:R.L.Stine,"Narratedby:JamesMurray,KirbyHeyborne,InésdelCastillo,",3 hrs,12-10-2021,English,Not rated yet,585
Vaiana,"Writtenby:Disney,ÅsaMalm",Narratedby:LisaAhnlund,2 hrs and 55 mins,28-10-2021,swedish,Not rated yet,166
Myth of the Rain Forest Monster,Writtenby:GertrudeChandlerWarner,Narratedby:AimeeLilly,1 hr and 46 mins,01-09-2021,English,Not rated yet,234
Little Badman and the Time-travelling Teacher of Doom,"Writtenby:HumzaArshad,HenryWhite",Narratedby:HumzaArshad,5 hrs and 35 mins,21-08-2020,English,Not rated yet,615
The Great Dream Robbery,"Writtenby:GregJames,ChrisSmith","Narratedby:GregJames,ChrisSmith",5 hrs and 48 mins,16-09-2021,English,Not rated yet,410
Barbie - Superprincesa,"Writtenby:Mattel,NicolásOluchaSánchez",Narratedby:BeatrizOlcina,26 mins,15-10-2021,spanish,Not rated yet,38
Barbie - El campamento de princesas,Writtenby:Mattel,Narratedby:VanessaPérezJurado,33 mins,07-03-2022,spanish,Not rated yet,38
Barbie - Dreamtopia,Writtenby:Mattel,Narratedby:VanessaPérezJurado,21 mins,07-03-2022,spanish,Not rated yet,38
Barbie - Superprincesa,Writtenby:Mattel,Narratedby:VanessaPérezJurado,29 mins,07-03-2022,spanish,Not rated yet,38
Among Us Book - Red Diary,Writtenby:ZeekidMedia,Narratedby:TommyJay,1 hr and 19 mins,16-06-2021,English,Not rated yet,204
We’re Going to Find the Monster,"Writtenby:MalorieBlackman,DapoAdeola",Narratedby:MalorieBlackman,6 mins,28-10-2021,English,Not rated yet,410
Ut i det vilda,Writtenby:ErinHunter,Narratedby:MattiasLinderoth,8 hrs and 15 mins,26-08-2021,swedish,Not rated yet,568
The Imagination Box: A Mind of Its Own,Writtenby:MartynFord,Narratedby:JoshuaMcGuire,6 hrs and 17 mins,28-09-2021,English,Not rated yet,569
Dungeons & Dragons: The Mad Mage's Academy,Writtenby:MattForbeck,"Narratedby:GildartJackson,TimCampbell",2 hrs and 15 mins,26-05-2020,English,Not rated yet,"1,172.00"
Scary Stories for Young Foxes: The City,"Writtenby:ChristianMcKayHeidicker,JunyiWu-illustrator",Narratedby:ChristianMcKayHeidicker,9 hrs and 13 mins,28-09-2021,English,Not rated yet,703
Med kunglig stämpel,"Writtenby:JeffreyArcher,MariaNilsson",Narratedby:MagnusSchmitz,29 mins,07-03-2022,swedish,Not rated yet,32
Bolt,"Writtenby:Disney,NilsWadström",Narratedby:FrederickHalbout,2 hrs and 21 mins,07-03-2022,swedish,Not rated yet,166
The Tenth Son,"Writtenby:AyanMalpani,AshishMalpani",Narratedby:YohanChacko,4 hrs and 17 mins,01-03-2022,English,Not rated yet,186
Escape from Falaise,Writtenby:JohnFlanagan,Narratedby:JohnKeating,7 hrs and 37 mins,01-12-2021,English,4.5 out of 5 stars2 ratings,797
The Jungle Book,"Writtenby:RudyardKipling,LisaChurch-adaptation",Narratedby:RebeccaK.Reynolds,2 hrs and 31 mins,04-08-2020,English,Not rated yet,305
PJ Masks - 3-Minuten-Gutenachtgeschichten,Writtenby:eOne,Narratedby:MontyArnold,31 mins,31-03-2022,german,Not rated yet,99
Opapi-Opapa - Volle Kraft voraus!,Writtenby:PaulMcCartney,Narratedby:KaiLüftner,11 mins,29-03-2022,german,Not rated yet,65
Opapi-Opapa - Besuch von den Krawaffels,Writtenby:PaulMcCartney,Narratedby:KaiLüftner,10 mins,29-03-2022,german,Not rated yet,65
Als Papa auf einen Knopf drückte und wir fast von einem Dino gefressen wurden,Writtenby:NicolasGorny,Narratedby:MartinBaltscheit,1 hr and 30 mins,31-03-2022,german,Not rated yet,300
Spidey og hans fantastiske venner,"Writtenby:Marvel,BrianIskov",Narratedby:MathiasKlenske,8 mins,29-03-2022,danish,Not rated yet,32
Phantom Stallion: Blue Wings,Writtenby:TerriFarley,Narratedby:NatalieBudig,4 hrs and 22 mins,29-03-2022,English,Not rated yet,398
Super Pigiamini - Storie della buonanotte da 5 minuti,Writtenby:RaffaellaCasati,Narratedby:StefanPopa,1 hr and 4 mins,30-03-2022,italian,Not rated yet,113
Lost Island,Writtenby:MarcyKateConnolly,Narratedby:ChloeCannon,3 hrs and 59 mins,29-03-2022,English,Not rated yet,469
The Boy Who Hatched Monsters,Writtenby:T.C.Shelley,Narratedby:JotDavies,9 hrs and 33 mins,31-03-2022,English,Not rated yet,493
The Magic Ocean Slide & The Giant Conker,Writtenby:EmmaBeswetherick,Narratedby:HayleyWareham,2 hrs and 13 mins,01-04-2022,English,Not rated yet,573
Krieg der Fluten,Writtenby:DanJolley,Narratedby:JacobWeigert,6 hrs and 42 mins,30-03-2022,german,Not rated yet,468
The Secret of Splint Hall,Writtenby:KatieCotton,Narratedby:JuliaBarrie,9 hrs and 21 mins,01-04-2022,English,Not rated yet,759
Tschakka! - Freunde in Sicht,Writtenby:MaraAndeck,Narratedby:MonikaOschek,2 hrs and 29 mins,30-03-2022,german,Not rated yet,367
El candidato novato,Writtenby:JordiSierraiFabra,Narratedby:AnetaFernández,2 hrs and 54 mins,01-04-2022,spanish,Not rated yet,192
The Call of the Silver Wibbler,Writtenby:HannahPeck,Narratedby:CharlieSanderson,1 hr and 33 mins,31-03-2022,English,Not rated yet,569
Frankie Best Hates Quests,Writtenby:ChrisSmith,"Narratedby:ChrisSmith,KariseYansen,RoyMcMillan",6 hrs and 31 mins,31-03-2022,English,Not rated yet,410
Trapped in the Overworld,Writtenby:WinterMorgan,Narratedby:NicolZanzarella,1 hr and 54 mins,30-06-2016,English,5 out of 5 stars3 ratings,233
The Boy Who Biked the World: On the Road to Africa,Writtenby:AlastairHumphreys,Narratedby:AlastairHumphreys,1 hr and 55 mins,11-02-2022,English,Not rated yet,569
The 143-Storey Treehouse,"Writtenby:AndyGriffiths,TerryDenton",Narratedby:StigWemyss,1 hr and 40 mins,19-10-2021,English,5 out of 5 stars1 rating,323
Unicorn Academy: Isla and Buttercup,Writtenby:JulieSykes,Narratedby:KristinAtherton,1 hr and 36 mins,10-03-2022,English,Not rated yet,266
Herobrine's War,Writtenby:MarkCheverton,Narratedby:NickWalther,6 hrs and 21 mins,01-03-2022,English,Not rated yet,703
Small Change for Stuart,Writtenby:LissaEvans,Narratedby:LissaEvans,4 hrs and 6 mins,01-07-2021,English,Not rated yet,664
The Extreme,Writtenby:KatherineApplegate,Narratedby:RamóndeOcampo,3 hrs and 4 mins,04-01-2022,English,Not rated yet,445
Alain l'alien,Writtenby:Xavier-LaurentPetit,Narratedby:MarionTrintignant,11 mins,09-03-2022,french,Not rated yet,338
Wingfeather Tales,"Writtenby:AndrewPeterson-editor,JonathanRogers,N.D.Wilson,",Narratedby:AndrewPeterson,10 hrs and 38 mins,23-03-2021,English,Not rated yet,"1,382.00"
Spider-Man gegen Sandman / Spider-Man und die Marvels,"Writtenby:MacKenzieCadenhead,SeanRyan,AnkeAlbrecht-Übersetzer",Narratedby:ChristianZeiger,57 mins,21-03-2022,german,Not rated yet,166
Swamp Sting!,"Writtenby:SebastianFacio,BlakeA.Hoena",Narratedby:anonymous,11 mins,16-03-2022,English,Not rated yet,105
Poison Jungle,Writtenby:TuiT.Sutherland,Narratedby:ShannonMcManus,7 hrs and 25 mins,30-07-2019,English,5 out of 5 stars10 ratings,656
39 Clues: Cahills vs. Vespers,Writtenby:GordonKorman,Narratedby:DavidPittu,5 hrs and 22 mins,30-08-2011,English,5 out of 5 stars5 ratings,586
Adventure Time - Too Many Bananas & Other Stories,"Writtenby:RohiniNilekani,ReshmaThapa-Gurung,LavinaMahbubani","Narratedby:AvinashRamachander,BrianChristopher,SeetalIyer",29 mins,16-06-2021,English,Not rated yet,422
Blue Moon,Writtenby:JamesPonti,Narratedby:ElizabethKlett,6 hrs and 59 mins,18-05-2021,English,Not rated yet,586
The Last Kids on Earth: June's Wild Flight,"Writtenby:MaxBrallier,DouglasHolgate",Narratedby:MontseHernandez,3 hrs and 16 mins,07-04-2020,English,5 out of 5 stars3 ratings,754
Captain Underpants and the Terrifying Return of Tippy Tinkletrousers,Writtenby:DavPilkey,"Narratedby:LenForgione,WinstonBromhead,I'keMitchell",2 hrs and 39 mins,02-04-2021,English,5 out of 5 stars5 ratings,492
Mermaids of the Deep Blue Sea,Writtenby:GertrudeChandlerWarner,Narratedby:AimeeLilly,1 hr and 44 mins,01-09-2021,English,Not rated yet,234
Flying Ninja!,Writtenby:AnhDo,Narratedby:ChristopherGebauer,56 mins,18-05-2021,English,Not rated yet,164
Fortress of the Stone Dragon,Writtenby:TraceyWest,Narratedby:EmilyEllet,49 mins,04-05-2021,English,Not rated yet,164
Zoey and Sassafras: The Pod and the Bog,Writtenby:AsiaCitro,Narratedby:JaninaEdwards,1 hr and 5 mins,13-04-2021,English,Not rated yet,468
PJ Masks - Héroes en Pijamas - ¡Los lobeznos!,"Writtenby:eOne,NicolásOluchaSánchez-traductor",Narratedby:KevinCalderón,10 mins,24-01-2022,spanish,Not rated yet,38
PJ Masks - Potència PJ!,"Writtenby:eOne,AnaC.AlcainaPerez-traductor",Narratedby:RogerSerradell,33 mins,24-01-2022,catalan,Not rated yet,38
PJ Masks - Preparats per a l’acció!,"Writtenby:eOne,AnaC.AlcainaPerez-traductor",Narratedby:RogerSerradell,12 mins,24-01-2022,catalan,Not rated yet,38
"Mortel un jour, Mortel toujours!",Writtenby:MrTan,Narratedby:DorothéePousseo,1 hr and 5 mins,25-01-2022,french,Not rated yet,529
Pyjamasankarit - 3 minuutin iltasatuja,"Writtenby:eOne,KimmoLilja",Narratedby:ValtteriLehtinen,36 mins,21-01-2022,finnish,Not rated yet,32
PJ Masks - Vet aquí en Robot PJ!,"Writtenby:eOne,AnaC.AlcainaPerez-traductor",Narratedby:RogerSerradell,9 mins,24-01-2022,catalan,Not rated yet,38
PJ Masks - PJ Robot,"Writtenby:eOne,NicolásOluchaSánchez-traductor",Narratedby:RogerSerradell,9 mins,24-01-2022,spanish,Not rated yet,38
Le géant de pierre,Writtenby:BertrandFichou,Narratedby:ClotildeDonna,7 mins,25-01-2022,french,Not rated yet,189
Pyjamasankarit - Nousu taikavuorelle,"Writtenby:eOne,KimmoLilja",Narratedby:ValtteriLehtinen,11 mins,21-01-2022,finnish,Not rated yet,32
PJ Masks - Héroes en Pijamas - Catboy y el gran rescate de la torta de cumpleaños,"Writtenby:eOne,NicolásOluchaSánchez-traductor",Narratedby:KevinCalderón,7 mins,24-01-2022,spanish,Not rated yet,38
Tijl en de tijdbom,Writtenby:LaraReims,Narratedby:RubenBrinkman,5 hrs and 5 mins,21-01-2022,dutch,Not rated yet,233
Genius Camp,Writtenby:ChrisGrabenstein,Narratedby:KirbyHeyborne,6 hrs and 13 mins,30-11-2021,English,Not rated yet,904
The Talisman of Lostland,Writtenby:A.M.Luzzader,Narratedby:JenniferJillAraya,5 hrs and 38 mins,23-11-2021,English,Not rated yet,469
Star Wars: The High Republic: A Test of Courage,Writtenby:JustinaIreland,Narratedby:KeylorLeigh,4 hrs and 34 mins,05-01-2021,English,4 out of 5 stars2 ratings,754
The Secret Explorers and the Plant Poachers,Writtenby:SJKing,Narratedby:AyshaKala,1 hr and 14 mins,07-10-2021,English,Not rated yet,410
The Red Slippers,Writtenby:CarolynKeene,Narratedby:JorjeanaMarie,2 hrs and 53 mins,24-12-2015,English,5 out of 5 stars9 ratings,305
Captain Underpants and the Preposterous Plight of the Purple Potty People,Writtenby:DavPilkey,"Narratedby:LenForgione,WinstonBromhead,I'keMitchell",1 hr and 15 mins,19-01-2021,English,5 out of 5 stars1 rating,258
The Magician's Secret,Writtenby:CarolynKeene,Narratedby:JorjeanaMarie,2 hrs and 42 mins,24-12-2015,English,4.5 out of 5 stars7 ratings,305
The Case of the Bizarre Bouquets,Writtenby:NancySpringer,Narratedby:KatherineKellgren,3 hrs and 39 mins,11-04-2008,English,4.5 out of 5 stars3 ratings,609
Shockwave,Writtenby:WilburSmith,Narratedby:ElliotChapman,5 hrs and 56 mins,17-03-2022,English,Not rated yet,"1,328.00"
The Phantom of Nantucket,Writtenby:CarolynKeene,Narratedby:JorjeanaMarie,3 hrs and 16 mins,24-12-2015,English,5 out of 5 stars5 ratings,305
The Swamp Robber,Writtenby:PaulHutchens,Narratedby:AimeeLilly,2 hrs and 44 mins,18-09-2018,English,5 out of 5 stars1 rating,234
The Magic Finger,Writtenby:RoaldDahl,Narratedby:KateWinslet,26 mins,11-09-2014,English,4.5 out of 5 stars14 ratings,615
The Adventures of Captain Underpants,Writtenby:DavPilkey,"Narratedby:LenForgione,DazjonFreeman,BenD'Amico",1 hr,22-05-2018,English,4.5 out of 5 stars13 ratings,258
Secret at Mystic Lake,Writtenby:CarolynKeene,Narratedby:JorjeanaMarie,2 hrs and 36 mins,28-09-2015,English,4.5 out of 5 stars14 ratings,305
Fight for Dusty Divot,Writtenby:DevinHunter,Narratedby:RamondeOcampo,2 hrs and 9 mins,08-01-2019,English,Not rated yet,585
"I Survived the Sinking of the Titanic, 1912",Writtenby:LaurenTarshis,Narratedby:LaurenFortgang,1 hr and 16 mins,29-03-2016,English,5 out of 5 stars1 rating,187
Showdown at Widow Creek,Writtenby:FranklinW.Dixon,Narratedby:TimGregory,2 hrs and 46 mins,02-02-2016,English,5 out of 5 stars3 ratings,305
Case of the Missing Marquess,Writtenby:NancySpringer,Narratedby:KatherineKellgren,4 hrs and 31 mins,22-10-2008,English,4.5 out of 5 stars3 ratings,726
Nightshade,Writtenby:AnthonyHorowitz,Narratedby:RupertDegas,10 hrs and 7 mins,28-05-2020,English,4.5 out of 5 stars11 ratings,645
Mystery of the Phantom Heist,Writtenby:FranklinW.Dixon,Narratedby:TimGregory,2 hrs and 59 mins,02-11-2015,English,5 out of 5 stars6 ratings,305
Mousse à l'école des pirates,Writtenby:EliseRengot,Narratedby:Jean-PaulBibé,6 mins,15-02-2022,french,Not rated yet,151
Riding Home Through Asia,Writtenby:AlastairHumphreys,Narratedby:AlastairHumphreys,2 hrs and 28 mins,11-02-2022,English,Not rated yet,569
The Boy Who Biked the World: Riding the Americas,Writtenby:AlastairHumphreys,Narratedby:AlastairHumphreys,2 hrs and 23 mins,11-02-2022,English,Not rated yet,569
El Misterio de la Montaña Azul,"Writtenby:Mattel,RaquelLuqueBenítez-traductor",Narratedby:GermánGijón,18 mins,14-02-2022,spanish,Not rated yet,115
Grand-mère Sucre et Grand-père Chocolat,Writtenby:GigiBigot,Narratedby:GigiBigot,4 mins,11-02-2022,french,Not rated yet,149
La chambre des pirates,Writtenby:ValérieCros,Narratedby:ChloéCardinaud,3 mins,09-02-2022,french,Not rated yet,149
Tapator le dinosaure,Writtenby:LessoeursBranchë,Narratedby:NatachaFabry,5 mins,09-02-2022,french,Not rated yet,149
Une pomme pour deux,Writtenby:VéroniqueMassenot,Narratedby:MartialLeMinoux,2 mins,10-02-2022,french,Not rated yet,149
Roméo et Biquette,Writtenby:FabienneTeyssèdre,Narratedby:OlivierClément,6 mins,09-02-2022,french,Not rated yet,149
Bienvenue chez Vampirette,Writtenby:SégolèneValente,Narratedby:StéphanieHédin,18 mins,10-02-2022,french,Not rated yet,263
"Toc, toc ! Qui est là ?",Writtenby:LessoeursBranchë,Narratedby:OlivierClément,3 mins,09-02-2022,french,Not rated yet,149
Un poisson nommé Marina,Writtenby:MathildeLossel,Narratedby:NatachaFabry,6 mins,09-02-2022,french,Not rated yet,149
Du lait pour mon chat,Writtenby:PascaleChenel,Narratedby:VanessaParachou,3 mins,10-02-2022,french,Not rated yet,149
Le grand voyage de Nils Holgersson,Writtenby:CatherinedeLasa,Narratedby:PatriceBaudrier,8 mins,10-02-2022,french,Not rated yet,187
Qui veut jouer avec Renard ?,Writtenby:LessoeursBranchë,Narratedby:Jean-PaulBibé,3 mins,09-02-2022,french,Not rated yet,149
Le petit roi Moi Moi Moi !,Writtenby:JeanLeroy,Narratedby:MartialLeMinoux,2 mins,10-02-2022,french,Not rated yet,149
Pas de lunettes sur ma tête !,Writtenby:MyriamDoinet,Narratedby:AnneLehmann,6 mins,09-02-2022,french,Not rated yet,149
Penny Berry y la batalla de Cairngorms,Writtenby:LluisPrats,Narratedby:ArantxadeSarabia,7 hrs and 2 mins,09-02-2022,spanish,,307
Marvel - Tillbaka till urtiden,Writtenby:Marvel,Narratedby:BenjaminHagberg,7 mins,08-02-2022,swedish,,32
Thor - Begynnelsen - Fin Fang Fooms uppgång och fall!,"Writtenby:Marvel,CamillaDunér",Narratedby:BenjaminHagberg,14 mins,08-02-2022,swedish,,32
Black Panther - Kampen om Wakanda,"Writtenby:Marvel,CatoVandrare",Narratedby:BenjaminHagberg,1 hr and 1 min,08-02-2022,swedish,,65
Ali Baba and the Forty Thieves,Writtenby:BKFKStudio,Narratedby:GrantSwanby,16 mins,08-02-2022,English,,116
La fée Fifolette a cassé sa baguette,Writtenby:MimiZagarriga,Narratedby:VanessaParachou,4 mins,09-02-2022,french,,149
Le gros chagrin d'Edgar,Writtenby:XavierGorce,Narratedby:PatriceBaudrier,6 mins,09-02-2022,french,,187
Qui a volé le diamant de Big Jack ?,Writtenby:OlivierDupin,Narratedby:GuyChapellier,7 mins,09-02-2022,french,,187
La fée Fifolette déclenche des tempêtes,Writtenby:MimiZagarriga,Narratedby:VanessaParachou,3 mins,09-02-2022,french,,149
Le petit chevalier courageux,Writtenby:ClaudeProthée,Narratedby:PatriceBaudrier,6 mins,09-02-2022,french,Not rated yet,187
La banda della zuppa di piselli,Writtenby:RiekePatwardhan,Narratedby:MarcoQuaglia,2 hrs and 48 mins,10-02-2022,italian,Not rated yet,305
Princesse Sarah,Writtenby:FrancesBurnett,Narratedby:EmmanuelleLemée,1 hr and 31 mins,08-02-2022,french,Not rated yet,225
Le voleur d'Edith,Writtenby:FrancesBurnett,Narratedby:EmmanuelleLemée,36 mins,08-02-2022,french,Not rated yet,225
Veinte mil leguas de viaje submarino,Writtenby:JulioVerne,Narratedby:CarlosCuevas,15 hrs and 31 mins,04-02-2022,spanish,Not rated yet,959
Historias de miedo,"Writtenby:Mattel,RaquelLuqueBenítez-traductor",Narratedby:GermánGijón,10 mins,08-02-2022,spanish,Not rated yet,76
Misterio en las vías,"Writtenby:Mattel,RaquelLuqueBenítez-traductor",Narratedby:GermánGijón,20 mins,08-02-2022,spanish,,115
Sofabanditen oder Die verrückte Befreiung der Hühner,Writtenby:JudithKleinschmidt,Narratedby:ConstanzeWeinig,2 hrs and 24 mins,08-02-2022,german,,367
En el infierno,"Writtenby:Vegetta777,Willyrex",Narratedby:ÁlexdePorrata,3 hrs and 45 mins,07-02-2022,spanish,,192
PJ Masks: Carrera en la Montaña Misteriosa,"Writtenby:eOne,NicolásOluchaSánchez-traductor",Narratedby:KevinCalderón,12 mins,03-02-2022,spanish,,38
DC Jones and Adventure Command International 2,Writtenby:JimBeard,Narratedby:JohnnyHeller,5 hrs and 10 mins,09-02-2022,English,,469
Robatori a la platja,"Writtenby:Mattel,MartaCisaMuñoz-traductor",Narratedby:MiriamMonlleo,27 mins,02-02-2022,catalan,Not rated yet,115
Barbie - Dreamtopia,"Writtenby:Mattel,MartaCisaMuñoz-traductor",Narratedby:MiriamMonlleo,21 mins,31-01-2022,catalan,Not rated yet,38
Barbie - Els superpoders de princesa,"Writtenby:Mattel,MartaCisaMuñoz-traductor",Narratedby:MiriamMonlleo,25 mins,02-02-2022,catalan,Not rated yet,115
Barbie - Pop per a princeses,"Writtenby:Mattel,MartaCisaMuñoz-traductor",Narratedby:MiriamMonlleo,32 mins,02-02-2022,catalan,Not rated yet,115
Limamerirosvojen jäljillä,Writtenby:VeeraVähämaa,Narratedby:Ari-MattiHedman,2 hrs and 14 mins,27-01-2022,finnish,Not rated yet,166
Barbie - Buscant les gossetes,"Writtenby:Mattel,MartaCisaMuñoz-traductor",Narratedby:MiriamMonlleo,34 mins,02-02-2022,catalan,Not rated yet,115
Barbie - La porta secreta,"Writtenby:Mattel,MartaCisaMuñoz-traductor",Narratedby:MiriamMonlleo,11 mins,02-02-2022,catalan,Not rated yet,76
Die Hamsterdam-Verschwörung,Writtenby:RalphBennewitz,Narratedby:LarsderVorleser,7 hrs and 55 mins,01-02-2022,german,Not rated yet,166
Els Barrufets - Històries dels barrufets,"Writtenby:Peyo,DanielCortésCoronas-traductor",Narratedby:JordiCoromina,2 hrs and 29 mins,07-02-2022,catalan,Not rated yet,192
La maison qui ne dormait jamais,Writtenby:OlivierCohen,Narratedby:PaulineDeshons,33 mins,03-02-2022,french,Not rated yet,452
Els Barrufets - Històries de 3 minuts,"Writtenby:Peyo,DanielCortésCoronas-traductor",Narratedby:JordiCoromina,36 mins,07-02-2022,catalan,Not rated yet,38
Wolvenhart,Writtenby:InaDeMan,Narratedby:LaetitiaVandueren,6 hrs and 5 mins,03-02-2022,dutch,Not rated yet,233
Circus Maximus Rivals on the Track,Writtenby:AnneliseGray,Narratedby:BronwenPrice,7 hrs and 27 mins,03-02-2022,English,Not rated yet,645
PJ Masks - Cursa cap a la Muntanya Misteriosa,"Writtenby:eOne,AnaC.AlcainaPerez-traductor",Narratedby:RogerSerradell,10 mins,07-02-2022,catalan,Not rated yet,38
Super Pigiamini - Pronti all'azione!,"Writtenby:eOne,RaffaellaCasati",Narratedby:StefanPopa,11 mins,03-02-2022,italian,Not rated yet,36
PJ Masks - En Gatnoi i el gran rescat del pastís d’aniversari,"Writtenby:eOne,AnaC.AlcainaPerez-traductor",Narratedby:RogerSerradell,6 mins,07-02-2022,catalan,Not rated yet,38
Anatole Latuile fait son cinéma,"Writtenby:AnneDidier,OlivierMuller",Narratedby:GabrielLedoz,17 mins,03-02-2022,french,Not rated yet,265
The Midnight Thief,Writtenby:SylviaBishop,Narratedby:AnnabelleIndge,4 hrs and 7 mins,01-02-2022,English,Not rated yet,653
Suche nach der verborgenen Quelle,"Writtenby:ChenJiatong,UlrikeKöbele-Übersetzer",Narratedby:Michael-CheKoch,6 hrs and 45 mins,09-02-2022,german,Not rated yet,367
El misterio del coleccionista de tazos,Writtenby:LuisaVillarLiébana,Narratedby:EstelaBenita,25 mins,04-02-2022,spanish,Not rated yet,38
Los Pitufos - Historias de Pitufos,"Writtenby:Peyo,RaquelLuqueBenitez-traductor",Narratedby:JuanCarlosAlbarracín,2 hrs and 25 mins,07-02-2022,spanish,Not rated yet,192
Dando la nota,Writtenby:JordiSierraiFabra,Narratedby:FernandoCea,2 hrs and 42 mins,01-02-2022,spanish,Not rated yet,192
Los Pitufos - Historias de 3 minutos,"Writtenby:Peyo,RaquelLuqueBenitez-traductor",Narratedby:JuanCarlosAlbarracín,34 mins,07-02-2022,spanish,Not rated yet,38
"Vacaciones, no gracias",Writtenby:JordiSierraiFabra,Narratedby:AnetaFernández,2 hrs and 49 mins,01-02-2022,spanish,Not rated yet,192
A Baker's Guide to Robber Pie,Writtenby:CaitlinSangster,Narratedby:SandyRustin,8 hrs and 56 mins,08-02-2022,English,Not rated yet,820
The Counterclockwise Heart,Writtenby:BrianFarrey,Narratedby:KirbyHeyborne,8 hrs and 28 mins,01-02-2022,English,Not rated yet,515
Knight Sir Louis and the Dragon of Doooooom!,Writtenby:TheBrothersMcLeod,Narratedby:MylesMcLeod,2 hrs and 58 mins,03-02-2022,English,Not rated yet,227
Ferien auf Saltkrokan - Pelle findet einen Wunschstein,"Writtenby:AstridLindgren,ThyraDohrenburg-Übersetzer",Narratedby:UrsulaIllert,22 mins,08-02-2022,german,Not rated yet,233
Bob el Constructor - Perros y gatos,"Writtenby:Mattel,NicolásOluchaSánchez",Narratedby:RogerBerríoReyes,7 mins,01-02-2022,spanish,Not rated yet,38
The Secret of Haven Point,Writtenby:LisetteAuton,Narratedby:LisetteAuton,8 hrs and 16 mins,03-02-2022,English,Not rated yet,410
The Mouse Watch in Space,Writtenby:J.J.Gilbert,Narratedby:MacLeodAndrews,4 hrs and 26 mins,01-02-2022,English,Not rated yet,351
Freewater,Writtenby:AminaLuqman-Dawson,"Narratedby:CaryHite,SisiAishaJohnson",9 hrs and 41 mins,01-02-2022,English,Not rated yet,500
The Book of Stolen Time,Writtenby:DashkaSlater,Narratedby:KevinR.Free,9 hrs and 38 mins,15-02-2022,English,Not rated yet,820
The Experiment,Writtenby:KatherineApplegate,Narratedby:AdamVerner,2 hrs and 33 mins,01-02-2022,English,Not rated yet,445
The Exposed,Writtenby:KatherineApplegate,Narratedby:EmilyEllet,2 hrs and 56 mins,01-02-2022,English,Not rated yet,445
Big Sky Mountain: The Forest Wolves,Writtenby:AlexMilway,Narratedby:PenelopeRawlines,1 hr and 52 mins,03-02-2022,English,Not rated yet,569
The Golem's Eye,Writtenby:JonathanStroud,Narratedby:StevenPacey,9 hrs and 36 mins,01-06-2007,English,5 out of 5 stars7 ratings,683
The Count of Monte Cristo,"Writtenby:BinaOfek-translator,AlexandreDumas",Narratedby:JonathanKis-Lev,2 hrs and 44 mins,08-04-2011,hebrew,Not rated yet,333
Howl of the Wind Dragon,Writtenby:TraceyWest,Narratedby:EmilyEllet,47 mins,02-11-2021,English,5 out of 5 stars1 rating,258
Pony,Writtenby:R.J.Palacio,"Narratedby:IanM.Hawkins,R.J.Palacio",7 hrs and 13 mins,28-09-2021,English,4 out of 5 stars1 rating,615
World Champions!,Writtenby:JamesPatterson,Narratedby:AndreaEmmes,4 hrs and 37 mins,05-08-2021,English,Not rated yet,410
Minecraft: Mob Squad,Writtenby:DelilahS.Dawson,"Narratedby:JessicaAlmasy,KeylorLeigh,BarrettLeddy,",8 hrs and 59 mins,28-09-2021,English,Not rated yet,"1,005.00"
The Threat,Writtenby:KatherineApplegate,Narratedby:MacLeodAndrews,2 hrs and 52 mins,02-11-2021,English,Not rated yet,445
The Tiger's Nest,Writtenby:TrudiTrueit,Narratedby:RamonDeOcampo,6 hrs and 17 mins,24-08-2021,English,Not rated yet,703
The Beekeeper Mystery,Writtenby:GertrudeChandlerWarner,Narratedby:AimeeLilly,1 hr and 43 mins,01-10-2021,English,Not rated yet,234
The Shattered Castle,Writtenby:JenniferA.Nielsen,Narratedby:CharlieMcWade,9 hrs and 54 mins,19-10-2021,English,Not rated yet,445
Peanut Jones and the Illustrated City: from the creator of Draw with Rob,Writtenby:RobBiddulph,Narratedby:ClaireSkinner,5 hrs and 41 mins,02-09-2021,English,Not rated yet,323
Sparrow Rising,Writtenby:JessicaKhoury,"Narratedby:MichaelGallagher,EmilyEiden",8 hrs and 11 mins,03-08-2021,English,5 out of 5 stars1 rating,586
Shadowghast,Writtenby:ThomasTaylor,Narratedby:MathewHorne,6 hrs and 36 mins,14-10-2021,English,Not rated yet,569
The Beatryce Prophecy,Writtenby:KateDiCamillo,Narratedby:FintyWilliams,4 hrs and 19 mins,28-09-2021,English,4 out of 5 stars1 rating,"1,005.00"
Brother Wulf,Writtenby:JosephDelaney,Narratedby:ThomasJudd,6 hrs and 17 mins,19-08-2021,English,Not rated yet,615
Rise of the World Eater,Writtenby:JamieLittler,Narratedby:JoshuaMcGuire,9 hrs and 52 mins,30-09-2021,English,Not rated yet,615
The Unadoptables,Writtenby:HanaTooke,Narratedby:GemmaWhelan,9 hrs and 27 mins,23-07-2020,English,5 out of 5 stars1 rating,615
Barbie - Equip d'espies,"Writtenby:Mattel,MartaCisaMuñoz-traductor",Narratedby:MiriamMonlleo,19 mins,31-01-2022,catalan,Not rated yet,38
The Mapmakers,Writtenby:TamzinMerchant,Narratedby:TamzinMerchant,8 hrs and 12 mins,17-02-2022,English,Not rated yet,410
The Professor and the Puzzle,Writtenby:CarolynKeene,Narratedby:JorjeanaMarie,3 hrs and 41 mins,01-09-2017,English,5 out of 5 stars7 ratings,305
The Paper Dolls,"Writtenby:JuliaDonaldson,RebeccaCobb",Narratedby:LaurenLaverne,11 mins,22-10-2013,English,Not rated yet,323
"The 39 Clues, Book 5",Writtenby:PatrickCarman,Narratedby:DavidPittu,4 hrs,11-08-2009,English,5 out of 5 stars8 ratings,468
Scorpia,Writtenby:AnthonyHorowitz,Narratedby:OliverChris,8 hrs and 26 mins,30-01-2020,English,4.5 out of 5 stars2 ratings,645
A Con Artist in Paris,Writtenby:FranklinW.Dixon,Narratedby:TimGregory,3 hrs,05-09-2017,English,4.5 out of 5 stars4 ratings,305
Tunnel of Bones,Writtenby:VictoriaSchwab,Narratedby:RebaBuhr,5 hrs and 5 mins,03-09-2019,English,4.5 out of 5 stars8 ratings,492
The 13-Storey Treehouse,Writtenby:AndyGriffiths,Narratedby:StigWemyss,1 hr and 36 mins,10-05-2017,English,5 out of 5 stars1 rating,323
"The 39 Clues, Book 9",Writtenby:LindaSuePark,Narratedby:DavidPittu,4 hrs and 45 mins,24-05-2010,English,5 out of 5 stars7 ratings,469
Kid Normal and the Rogue Heroes,"Writtenby:ChrisSmith,GregJames","Narratedby:ChrisSmith,GregJames",6 hrs and 18 mins,06-12-2018,English,5 out of 5 stars5 ratings,569
Shine of the Silver Dragon,Writtenby:TraceyWest,Narratedby:EmilyEllet,46 mins,07-07-2020,English,Not rated yet,164
Treasure of the Gold Dragon,Writtenby:TraceyWest,Narratedby:EmilyEllet,45 mins,04-08-2020,English,4 out of 5 stars1 rating,164
The Jungle Book,Writtenby:RudyardKipling,Narratedby:GreatAmericanAudioStudioTalent,3 hrs and 31 mins,02-09-2008,English,Not rated yet,501
"The 1,000-Year-Old Boy",Writtenby:RossWelford,"Narratedby:ChrisCoxon,LukeJohnson",7 hrs and 24 mins,11-01-2018,English,4.5 out of 5 stars11 ratings,322
Strangers on a Train,Writtenby:CarolynKeene,Narratedby:JorjeanaMarie,3 hrs and 19 mins,28-12-2014,English,4.5 out of 5 stars17 ratings,305
Darkstalker,Writtenby:TuiT.Sutherland,Narratedby:ShannonMcManus,9 hrs and 50 mins,01-07-2016,English,5 out of 5 stars11 ratings,656
Peter Rabbit 2,Writtenby:Puffin,Narratedby:EmiliaFox,3 hrs and 28 mins,23-01-2020,English,Not rated yet,615
Dinosaurs Before Dark,Writtenby:MaryPopeOsborne,Narratedby:MaryPopeOsborne,41 mins,22-08-2006,English,5 out of 5 stars1 rating,301
The Outcast,Writtenby:KathrynLasky,Narratedby:PamelaGarelick,4 hrs and 51 mins,20-02-2009,English,Not rated yet,468
Wave of the Sea Dragon,Writtenby:TraceyWest,Narratedby:EmilyEllet,47 mins,20-07-2021,English,Not rated yet,164
Escape from Aurora,Writtenby:JamieLittler,Narratedby:JoshuaMcGuire,8 hrs and 57 mins,01-10-2020,English,Not rated yet,615
The Monkey King,Writtenby:ShobhaViswanath,Narratedby:SaeedJaffrey,27 mins,06-03-2020,English,5 out of 5 stars4 ratings,284
Getting Granny’s Glasses,Writtenby:RuskinBond,Narratedby:RuskinBond,19 mins,29-11-2019,English,4 out of 5 stars4 ratings,200
Where the Red Fern Grows,Writtenby:WilsonRawls,Narratedby:AnthonyHeald,6 hrs and 56 mins,24-10-2003,English,4.5 out of 5 stars7 ratings,"1,005.00"
"The 39 Clues, Book 10",Writtenby:MargaretPetersonHaddix,Narratedby:DavidPittu,7 hrs and 8 mins,23-09-2010,English,5 out of 5 stars7 ratings,469
Future of the Time Dragon,Writtenby:TraceyWest,Narratedby:EmilyEllet,48 mins,02-03-2021,English,Not rated yet,164
Field Trip Fiasco,Writtenby:JamesPatterson,Narratedby:MichaelCrouch,3 hrs and 45 mins,04-02-2021,English,Not rated yet,615
"Captain Underpants and the Big, Bad Battle of the Bionic Booger Boy, Part 2",Writtenby:DavPilkey,"Narratedby:LenForgione,BenD'Amico,I’keMitchell",1 hr and 23 mins,03-11-2020,English,4 out of 5 stars1 rating,258
The Carpet People,Writtenby:TerryPratchett,Narratedby:DavidTennant,5 hrs and 2 mins,22-04-2021,English,5 out of 5 stars1 rating,615
Clash at Fatal Fields,Writtenby:DevinHunter,Narratedby:RamondeOcampo,2 hrs and 13 mins,28-08-2018,English,5 out of 5 stars1 rating,585
Deception on the Set,Writtenby:FranklinW.Dixon,Narratedby:TimGregory,2 hrs and 41 mins,23-05-2016,English,5 out of 5 stars4 ratings,305
The Tale of Tom Kitten,Writtenby:BeatrixPotter,Narratedby:JoanWalker,5 mins,08-03-2018,English,Not rated yet,93
"20.000 Leguas de viaje submarino [20,000 Leagues Under the Sea]",Writtenby:JulioVerne,"Narratedby:AdolfoDuncan,AldoLumbía,MiguelDurán,",1 hr and 34 mins,22-03-2013,spanish,Not rated yet,397
Dungeons & Detectives,Writtenby:FranklinW.Dixon,Narratedby:TimGregory,5 hrs and 9 mins,22-10-2019,English,Not rated yet,305
A Script for Danger,Writtenby:CarolynKeene,Narratedby:JorjeanaMarie,2 hrs and 56 mins,22-09-2015,English,4.5 out of 5 stars5 ratings,305
The Battle of Bayport,Writtenby:FranklinW.Dixon,Narratedby:TimGregory,3 hrs and 30 mins,07-03-2016,English,5 out of 5 stars6 ratings,305
Capitaine,Writtenby:MadamedeNanteuil,Narratedby:EmmanuelleLemée,8 hrs and 2 mins,12-01-2022,french,Not rated yet,225
Iron Man - Rymdfantomernas invasion!,Writtenby:Marvel,Narratedby:BenjaminHagberg,1 hr and 3 mins,11-01-2022,swedish,Not rated yet,65
City of Ghosts - Im Reich der vergessenen Geister,Writtenby:VictoriaSchwab,Narratedby:Carolin-ThereseWolff,5 hrs and 17 mins,10-01-2022,german,Not rated yet,501
Ariana y Arcana,Writtenby:AlejandroKhan,Narratedby:MartaAlmazán,56 mins,11-01-2022,spanish,Not rated yet,76
La aventura de Amunet,Writtenby:AlejandroKhan,Narratedby:MartaAlmazán,44 mins,11-01-2022,spanish,Not rated yet,76
Amigos de verdad,Writtenby:AlejandroKhan,Narratedby:MartaAlmazán,29 mins,11-01-2022,spanish,Not rated yet,76
"Pan, nuestro hermano del bosque",Writtenby:AlejandroKhan,Narratedby:MartaAlmazán,51 mins,11-01-2022,spanish,Not rated yet,76
PJ Masks - Vet aquí els Mini Llops!,"Writtenby:eOne,AnaC.AlcainaPerez",Narratedby:RogerSerradell,11 mins,07-01-2022,catalan,Not rated yet,38
Ufo in Seenot,Writtenby:UlfBlanck,Narratedby:OliverRohrbeck,1 hr and 49 mins,12-01-2022,german,Not rated yet,233
The Chromatics Camp at The Musical Mountain,Writtenby:JulieKirchhubel,Narratedby:DanielSmerdon,2 hrs and 45 mins,03-01-2022,English,Not rated yet,469
Attack of the Shadow-Crafters,Writtenby:MarkCheverton,Narratedby:NickWalther,6 hrs and 29 mins,28-12-2021,English,Not rated yet,703
Не буду просить прощения,Writtenby:СофьяЛеонидовнаПрокофьева,Narratedby:ЛюбовьПоволоцкая,45 mins,30-12-2021,russian,Not rated yet,99
Ritter Klapperschwert und die große Freundschaft,Writtenby:Hans-PeterHain,Narratedby:Hans-PeterHain,41 mins,30-12-2021,german,Not rated yet,166
H@Ck - Het instituut,Writtenby:MirjamMous,"Narratedby:JipvandenDool,LidewijMahler",9 hrs and 53 mins,29-12-2021,dutch,Not rated yet,502
Маленький лорд Фаунтлерой,Writtenby:ФренсисЭлизаБёрнетт,Narratedby:ЛюбовьПоволоцкая,6 hrs and 54 mins,30-12-2021,russian,Not rated yet,99
Głupi Funio,Writtenby:JerzyA.Wlazło,Narratedby:GabrielaJaskuła,1 hr and 38 mins,22-12-2021,polish,Not rated yet,267
Un problema con alas,"Writtenby:PedroMañas,DavidSierraListón",Narratedby:ElenaSilva,1 hr and 3 mins,03-01-2022,spanish,Not rated yet,384
Die Meckerpause,Writtenby:AnnemarieNorden,Narratedby:CathrinBürger,55 mins,23-12-2021,german,Not rated yet,233
El Club de la Luna Llena,"Writtenby:PedroMañas,DavidSierraListón",Narratedby:ElenaSilva,1 hr and 11 mins,03-01-2022,spanish,Not rated yet,384
Spider-Man - En samling berättelser,"Writtenby:Marvel,CamillaDunér",Narratedby:BenjaminHagberg,1 hr,17-12-2021,swedish,Not rated yet,65
Enigma en el puente del naranjo,Writtenby:MaríaMenéndez-Ponte,Narratedby:HelenaOvalle,4 hrs and 45 mins,20-12-2021,spanish,Not rated yet,268
Penny Berry y la cripta de los olvidados,Writtenby:LluísPrats,Narratedby:ArantxadeSarabia,6 hrs and 32 mins,20-12-2021,spanish,Not rated yet,307
Penny Berry y la pócima mágica,Writtenby:LluísPrats,Narratedby:ArantxadeSarabia,7 hrs and 41 mins,20-12-2021,spanish,Not rated yet,307
La casa embrujada,Writtenby:MaríaMenéndez-Ponte,Narratedby:HelenaOvalle,4 hrs and 46 mins,20-12-2021,spanish,Not rated yet,268
Lady och Lufsen,"Writtenby:Disney,Ann-SofiJoskitt",Narratedby:LisaAhnlund,2 hrs and 37 mins,15-12-2021,swedish,Not rated yet,166
Тишина на задней парте!,"Writtenby:АлександрЦыпкин,АллаЛихачёва,АлександрЕгоров,","Narratedby:ЕленаДельвер,ИгорьСергеев,МаксимСергеев,",3 hrs and 5 mins,23-12-2021,russian,Not rated yet,200
James und die fischige Fracht / Hiro und die widerspenstigen Waggons,Writtenby:BurkardMiltenberger,Narratedby:MontyArnold,10 mins,14-12-2021,german,Not rated yet,65
Avengers - God Jul!,"Writtenby:Marvel,MariaNilsson",Narratedby:JohnLalér,6 mins,20-12-2021,swedish,Not rated yet,32
En busca del señor T,Writtenby:BeatrizBerrocal,Narratedby:CarlosQuintero,3 hrs and 19 mins,15-12-2021,spanish,Not rated yet,153
Avengers - TRE spektakulära äventyr!,"Writtenby:Marvel,HannaGraf,IdaJohansson",Narratedby:BenjaminHagberg,2 hrs and 35 mins,21-12-2021,swedish,Not rated yet,166
Captain America och morgondagens armé!,Writtenby:Marvel,Narratedby:BenjaminHagberg,1 hr and 4 mins,21-12-2021,swedish,Not rated yet,65
Superhjältarna,"Writtenby:Disney,IdaJohansson",Narratedby:BenjaminHagberg,2 hrs and 27 mins,21-12-2021,swedish,Not rated yet,166
Лесные истории,Writtenby:ЭдуардШим,Narratedby:МаксимСергеев,50 mins,22-12-2021,russian,Not rated yet,99
Spider-Man - Kortslutning,Writtenby:Marvel,Narratedby:SebastianKarlsson,5 mins,21-12-2021,swedish,Not rated yet,32
Перчатки Ариадны,Writtenby:АннаЛетягина,Narratedby:ЕленаДельвер,4 hrs and 4 mins,23-12-2021,russian,Not rated yet,200
The Far-Finding Ring,Writtenby:A.M.Luzzader,Narratedby:JenniferJillAraya,4 hrs and 28 mins,21-12-2021,English,Not rated yet,469
When the War Came Home,Writtenby:LesleyParr,Narratedby:MayaGrant,5 hrs and 20 mins,06-01-2022,English,Not rated yet,493
Modig - Meridas önskan,"Writtenby:Disney,OskarBlomberg",Narratedby:MalinLybeck,1 hr and 9 mins,08-12-2021,swedish,Not rated yet,65
Il viaggio leggendario di Erick e Dominick,Writtenby:DinsiemE,Narratedby:DinsiemE,2 hrs and 59 mins,14-12-2021,italian,Not rated yet,267
Doctor Strange - Vejen til viden,"Writtenby:Marvel,BrianIskov",Narratedby:MathiasKlenske,6 mins,09-12-2021,danish,Not rated yet,32
Pyjamasheltene - Kattedreng og den store fødselsdagskageredning,"Writtenby:eOne,TineS.Norbøll",Narratedby:MathiasKlenske,7 mins,09-12-2021,danish,Not rated yet,32
Pyjamasheltene redder dagen!,"Writtenby:eOne,TineS.Norbøll",Narratedby:MathiasKlenske,34 mins,09-12-2021,danish,Not rated yet,99
The Great Zombie Invasion,Writtenby:MarkCheverton,Narratedby:NickWalther,5 hrs and 50 mins,14-12-2021,English,Not rated yet,703
The Buried Crown,Writtenby:AllySherrick,Narratedby:CharlotteStrevens,7 hrs and 23 mins,01-01-2022,English,Not rated yet,733
The Wishing Star & The North Pole Picnic,Writtenby:EmmaBeswetherick,Narratedby:HayleyWareham,1 hr and 58 mins,01-01-2022,English,Not rated yet,573
Cora y los Corales,Writtenby:DagmardeMendieta,Narratedby:MercèMontalà,14 mins,02-12-2021,spanish,Not rated yet,65
Fortidens skygger,Writtenby:KennethBøghAndersen,Narratedby:KennethBøghAndersen,3 hrs and 8 mins,03-12-2021,danish,Not rated yet,434
Racconti dall'India,Writtenby:MarinaIuele,Narratedby:MarinaIuele,2 hrs and 22 mins,30-11-2021,italian,Not rated yet,228
Piratbarn har ikke længere brug for sin sut,Writtenby:AnnetteHerzog,Narratedby:MartinJohs.Møller,7 mins,13-01-2022,danish,Not rated yet,32
Alpaca My Bags,Writtenby:JennyGoebel,Narratedby:SuzyJackson,6 hrs and 25 mins,07-12-2021,English,Not rated yet,703
L'île du mage,Writtenby:RémiFaure,Narratedby:Louane,4 hrs and 44 mins,22-12-2021,french,Not rated yet,263
Speedy,Writtenby:ColinThiele,Narratedby:AnnaSteen,1 hr and 41 mins,01-01-2022,English,Not rated yet,531
The Santa List,Writtenby:KieranCrowley,Narratedby:JohnCormack,3 hrs and 2 mins,01-12-2021,English,Not rated yet,600
Paradise Pirates retten Captain Scratch,Writtenby:JaySpencer,Narratedby:StefanKaminski,2 hrs and 6 mins,12-01-2022,german,Not rated yet,300
Loca por Hugo,"Writtenby:FedericoMoccia,RobSimeoni-traductor",Narratedby:LauraMonedero,2 hrs and 17 mins,25-11-2021,spanish,Not rated yet,384
Ninja Niller - Blodets Bånd: Del 4,Writtenby:RuneFleischer,Narratedby:IbenHaaest,4 mins,23-11-2021,danish,Not rated yet,32
Marvel - Den stora sagosamlingen,"Writtenby:Marvel,PetterMattsson",Narratedby:SebastianKarlsson,1 hr and 41 mins,25-11-2021,swedish,Not rated yet,99
Bilar 3,"Writtenby:Disney,NilsWadström",Narratedby:BenjaminHagberg,3 hrs and 6 mins,25-11-2021,swedish,Not rated yet,166
Falcon - Fäkta eller flyga,Writtenby:Marvel,Narratedby:SebastianKarlsson,49 mins,25-11-2021,swedish,Not rated yet,65
Barbie - Aventura en el espacio,"Writtenby:Mattel,NicolásOluchaSánchez",Narratedby:BeatrizOlcina,12 mins,29-11-2021,spanish,Not rated yet,38
El misterio de la virgulina inmortal,"Writtenby:RobertoSantiago,ÁngelaArmero",Narratedby:IreneMirasGuillén,6 hrs and 6 mins,23-11-2021,spanish,Not rated yet,384
Ein Mädchen namens Owl,Writtenby:AmyWilson,Narratedby:MarionvonStengel,7 hrs and 13 mins,18-11-2021,german,Not rated yet,535
Antigua de Fortune of the High Seas,"Writtenby:OliHyatt,AnnaRainbow",Narratedby:KateMalyon,7 hrs and 20 mins,17-11-2021,English,Not rated yet,968
The Smidgens,Writtenby:DavidO'Connell,Narratedby:CharlotteStrevens,3 hrs and 25 mins,17-11-2021,English,Not rated yet,854
Revolució a la botiga d'animals,"Writtenby:AnaJuan,LaraEstany-traductor",Narratedby:CarmeAmbrós,9 mins,18-11-2021,catalan,Not rated yet,384
Te regalo el mundo,"Writtenby:CarmenSaldaña-ilustrador,StaceyMcCleary",Narratedby:MireiaMaymíiJosa,3 mins,18-11-2021,spanish,Not rated yet,384
Et regalo el món,"Writtenby:CarmenSaldaña-ilustrador,StaceyMcCleary",Narratedby:MireiaMaymíiJosa,3 mins,18-11-2021,catalan,Not rated yet,384
Revolución en la tienda de animales,Writtenby:AnaJuan,Narratedby:CarmeAmbrós,9 mins,18-11-2021,spanish,Not rated yet,384
Ribblestrop Forever!,Writtenby:AndyMulligan,Narratedby:TomHollander,9 hrs and 31 mins,04-01-2022,English,Not rated yet,569
"Это грузовик, а это прицеп",Writtenby:АнастасияОрлова,Narratedby:АнатолийБелый,49 mins,17-11-2021,russian,Not rated yet,65
Страна Хороших Девочек,Writtenby:АннаСтаробинец,Narratedby:ЮлияЯблонская,1 hr and 33 mins,16-11-2021,russian,Not rated yet,99
Записки институтки,Writtenby:ЛидияЧарская,Narratedby:НатальяРычкова,5 hrs,22-11-2021,russian,Not rated yet,99
Синичкин календарь,Writtenby:ВиталийБианки,Narratedby:МаринаТитова,46 mins,17-11-2021,russian,Not rated yet,132
Новые правила поведения для воспитанных детей,"Writtenby:ГалинаПетровнаШалаева,О.М.Журавлева",Narratedby:ЛюбовьПоволоцкая,1 hr and 17 mins,16-11-2021,russian,Not rated yet,166
Поллианна,Writtenby:ЭлионорПортер,Narratedby:ГригорийЕлисеев,2 hrs and 13 mins,18-11-2021,russian,Not rated yet,166
Психология окружающего мира. Дуня и кот Кисель на конюшне,"Writtenby:ЛарисаСуркова,ОльгаТолкачева",Narratedby:КсенияБржезовская,1 hr and 17 mins,17-11-2021,russian,Not rated yet,233
Тринадцатый подвиг Геракла. Рассказы о Чике (Сборник),Writtenby:ФазильИскандер,Narratedby:ИгорьКнязев,11 hrs and 37 mins,16-11-2021,russian,Not rated yet,468
Единорог для круглой принцессы,Writtenby:КоллективАвторов,Narratedby:МаринаТитова,2 hrs and 30 mins,17-11-2021,russian,Not rated yet,166
Четыре желания,Writtenby:КонстантинУшинский,Narratedby:ЮрийЛазарев,46 mins,17-11-2021,russian,Not rated yet,132
Нектар для души. Вдохновляющие истории для детей 7-10 лет,"Writtenby:МаринаВладимова,ФаридаКривушенкова","Narratedby:СеменМендельсон,ЕленаДельвер",4 hrs and 32 mins,16-11-2021,russian,Not rated yet,166
"Ага, попался!","Writtenby:КатяМатюшкина,КатяОковитая","Narratedby:СеменМендельсон,ЕленаХрусталева",2 hrs and 21 mins,18-11-2021,russian,Not rated yet,99
Васюткино озеро. Рассказы для детей,Writtenby:ВикторАстафьев,Narratedby:КонстантинКорольков,7 hrs and 20 mins,16-11-2021,russian,Not rated yet,200
Das Feuer,"Writtenby:ShannonMessenger,DorisAttwood",Narratedby:DavidNathan,16 hrs and 54 mins,30-11-2021,german,Not rated yet,468
Familie Maulwurf auf der Flucht,Writtenby:SebastianEder,Narratedby:BrigitteCarlsen,2 hrs and 20 mins,15-12-2021,german,Not rated yet,367
Die Spiegelspringer - Im Bann der Geschichten,Writtenby:MonaHerbst,Narratedby:HannahSchepmann,6 hrs and 38 mins,26-11-2021,german,Not rated yet,334
The Attack,Writtenby:KatherineApplegate,Narratedby:MacLeodAndrews,3 hrs and 2 mins,04-01-2022,English,Not rated yet,445
Symbiosis,Writtenby:NicStone,Narratedby:AnikaNoniRose,5 hrs and 41 mins,04-01-2022,English,Not rated yet,656
Stella und der Mondscheinvogel,"Writtenby:CatherineFisher,UlrikeKöbele-Übersetzer",Narratedby:UveTeschner,4 hrs and 10 mins,24-11-2021,german,Not rated yet,401
Saids Schicksale,Writtenby:WilhelmHauff,Narratedby:AndreasJeßing,1 hr and 41 mins,16-12-2021,german,Not rated yet,267
Surviving Jamestown,Writtenby:GailLangerKarwoski,Narratedby:AndrewFallaize,6 hrs and 13 mins,11-01-2022,English,Not rated yet,866
¡Sálvese quien pueda!,Writtenby:JordiSierraiFabra,Narratedby:AnetaFernández,2 hrs and 47 mins,01-12-2021,spanish,Not rated yet,192
Cuentos locos para niños inteligentes,Writtenby:JordiSierraiFabra,Narratedby:RamónRomero,2 hrs and 7 mins,01-12-2021,spanish,Not rated yet,192
Wednesday: The Forest of Secrets,Writtenby:RalphLazar,"Narratedby:RiverDeFilippis,ChristineMarshall,LanceRogerAxt",1 hr and 1 min,16-12-2021,English,Not rated yet,445
Ronan Boyle into the Strangeplace,Writtenby:ThomasLennon,Narratedby:ThomasLennon,5 hrs and 33 mins,16-11-2021,English,Not rated yet,703
Girl Giant and the Jade War,Writtenby:VanHoang,Narratedby:KimMaiGuest,8 hrs and 49 mins,07-12-2021,English,Not rated yet,"1,256.00"
Kidnapped Colt,Writtenby:TerriFarley,Narratedby:NatalieBudig,4 hrs and 2 mins,14-12-2021,English,Not rated yet,398
Cómo como,Writtenby:EmiliTeixidor,Narratedby:NuriaSamsó,10 mins,18-08-2020,spanish,Not rated yet,32
Der Zeitring,Writtenby:StefanieSieland,Narratedby:JohannesThielen,2 hrs and 4 mins,09-12-2021,german,Not rated yet,334
Ivy & Bean Bound to Be Bad (Book 5),Writtenby:AnnieBarrows,Narratedby:HallieRicardo,1 hr and 13 mins,04-01-2022,English,Not rated yet,500
Ivy & Bean Take Care of the Babysitter (Book 4),Writtenby:AnnieBarrows,Narratedby:HallieRicardo,1 hr and 11 mins,04-01-2022,English,Not rated yet,500
Ivy & Bean Break the Fossil Record (Book 3),Writtenby:AnnieBarrows,Narratedby:HallieRicardo,1 hr and 8 mins,04-01-2022,English,Not rated yet,500
Moonrise,Writtenby:TerriFarley,Narratedby:NatalieBudig,3 hrs and 27 mins,23-11-2021,English,Not rated yet,398
Vega Jane and the End of Time,Writtenby:DavidBaldacci,Narratedby:KatySobey,9 hrs and 11 mins,06-01-2022,English,Not rated yet,323
The Suspicion,Writtenby:KatherineApplegate,Narratedby:SisiAishaJohnson,3 hrs and 7 mins,07-12-2021,English,Not rated yet,586
The Pretender,Writtenby:KatherineApplegate,Narratedby:MichaelCrouch,3 hrs and 23 mins,07-12-2021,English,Not rated yet,492
Hide and Geek,Writtenby:T.P.Jagger,Narratedby:DaniceCabanela,6 hrs and 47 mins,04-01-2022,English,Not rated yet,"1,005.00"
Sunlight on the Snow Leopard,Writtenby:MaryPopeOsborne,Narratedby:MaryPopeOsborne,1 hr,04-01-2022,English,Not rated yet,402
Me and My Little Brain,Writtenby:JohnD.Fitzgerald,Narratedby:JasonCulp,3 hrs and 44 mins,07-12-2021,English,Not rated yet,754
Coraline,Writtenby:NeilGaiman,Narratedby:RobertoPompili,3 hrs and 50 mins,22-08-2018,italian,Not rated yet,420
The Van Gogh Deception,Writtenby:DeronHicks,Narratedby:P.J.Ochlan,7 hrs and 10 mins,29-09-2020,English,Not rated yet,586
Moon Rising,Writtenby:TuiT.Sutherland,Narratedby:ShannonMcManus,7 hrs and 30 mins,29-08-2016,English,5 out of 5 stars6 ratings,575
Abenteuer-Ferien bei Opa Balduin,"Writtenby:NorbertKlotz,MelanieKlotz",Narratedby:AlexBolte,1 hr and 20 mins,12-11-2021,german,Not rated yet,233
Hello Kitty - La aventura animal,"Writtenby:Sanrio,NeusCasanovaVico",Narratedby:EvaAndrés,36 mins,10-11-2021,spanish,Not rated yet,38
Hello Kitty - La estrella de televisión,"Writtenby:Sanrio,NeusCasanovaVico",Narratedby:EvaAndrés,39 mins,10-11-2021,spanish,Not rated yet,38
Hello Kitty - Vacaciones en la playa,"Writtenby:Sanrio,NeusCasanovaVico",Narratedby:EvaAndrés,37 mins,10-11-2021,spanish,Not rated yet,38
Hello Kitty - El misterio de la madalena,"Writtenby:Sanrio,NeusCasanovaVico",Narratedby:EvaAndrés,37 mins,10-11-2021,spanish,Not rated yet,38
Hello Kitty - La búsqueda del tesoro,"Writtenby:Sanrio,NeusCasanovaVico",Narratedby:EvaAndrés,41 mins,10-11-2021,spanish,Not rated yet,76
Hello Kitty - Sesión de belleza,"Writtenby:Sanrio,NeusCasanovaVico",Narratedby:EvaAndrés,33 mins,10-11-2021,spanish,Not rated yet,38
Ravenburcht,Writtenby:InaDeMan,Narratedby:LaetitiaVandueren,5 hrs and 27 mins,10-11-2021,dutch,Not rated yet,233
De Utrolige 2,"Writtenby:Disney,TineS.Norbøll",Narratedby:LarsThiesgaard,3 hrs and 12 mins,10-11-2021,danish,Not rated yet,434
Ariadna y la luna Lunera,"Writtenby:JaumeCabré,QueraltArmengol-ilustrador,ConchaCardeñoso-traductor",Narratedby:ElisabetBargalló,21 mins,10-11-2021,spanish,Not rated yet,384
L'Ariadna i la lluna Pruna,"Writtenby:JaumeCabré,QueraltArmengol-ilustrador",Narratedby:ElisabetBargalló,20 mins,10-11-2021,catalan,Not rated yet,384
La Mariona i la Menjanits,"Writtenby:JaumeCabré,RominaMartí-ilustrador",Narratedby:ElisabetBargalló,20 mins,10-11-2021,catalan,Not rated yet,384
Captain Underpants and the Attack of the Talking Toilets,Writtenby:DavPilkey,"Narratedby:LenForgione,DazjonFreeman,BenD'Amico",59 mins,26-06-2018,English,5 out of 5 stars5 ratings,258
Holes,Writtenby:LouisSachar,Narratedby:KerryBeyer,4 hrs and 30 mins,24-05-2016,English,4.5 out of 5 stars15 ratings,417
"The 39 Clues, Book 1",Writtenby:RickRiordan,Narratedby:DavidPittu,5 hrs and 11 mins,29-08-2008,English,4.5 out of 5 stars11 ratings,468
"The Princess in Black, Books 1-3","Writtenby:ShannonHale,DeanHale",Narratedby:JuliaWhelan,55 mins,09-02-2016,English,Not rated yet,754
Pyjamasankarit - Tässä tulee Pyjamarobotti!,"Writtenby:eOne,KimmoLilja",Narratedby:ValtteriLehtinen,10 mins,21-01-2022,finnish,Not rated yet,32
Pyjamasankarit - Polkuvoimaa!,"Writtenby:eOne,KimmoLilja",Narratedby:ValtteriLehtinen,34 mins,21-01-2022,finnish,Not rated yet,32
PJ Masks - Sigues un heroi!,"Writtenby:eOne,AnaC.AlcainaPerez-traductor",Narratedby:RogerSerradell,23 mins,24-01-2022,catalan,Not rated yet,38
Pyjamasankarit - Ollaan sankareita,"Writtenby:eOne,KimmoLilja",Narratedby:ValtteriLehtinen,26 mins,21-01-2022,finnish,Not rated yet,32
Pyjamasankarit - Tässä tulee susijengi,"Writtenby:eOne,KimmoLilja",Narratedby:ValtteriLehtinen,11 mins,21-01-2022,finnish,Not rated yet,32
Pyjamasankarit - Kolli ja synttärikakun pelastusoperaatio,"Writtenby:eOne,KimmoLilja",Narratedby:ValtteriLehtinen,7 mins,21-01-2022,finnish,Not rated yet,32
Fly High Crew: The Green Glow,"Writtenby:AshleyBanjo,JordanBanjo",Narratedby:TheoSolomon,5 hrs and 10 mins,20-01-2022,English,Not rated yet,266
Vitello va a un cumpleaños de niñas,Writtenby:KimFupzAakeson,Narratedby:BenjamínFigueres,13 mins,19-01-2022,spanish,Not rated yet,65
Vitello compra un maravilloso regalo de Navidad,Writtenby:KimFupzAakeson,Narratedby:BenjamínFigueres,13 mins,19-01-2022,spanish,Not rated yet,65
Vitello salva el mundo,Writtenby:KimFupzAakeson,Narratedby:BenjamínFigueres,12 mins,19-01-2022,spanish,Not rated yet,65
Vitello construye un Abominable Hombre de las Nieves,Writtenby:KimFupzAakeson,Narratedby:BenjamínFigueres,13 mins,19-01-2022,spanish,Not rated yet,65
Vitello hace una obra de caridad,Writtenby:KimFupzAakeson,Narratedby:BenjamínFigueres,13 mins,19-01-2022,spanish,Not rated yet,65
Vitello pide un deseo,Writtenby:KimFupzAakeson,Narratedby:BenjamínFigueres,12 mins,19-01-2022,spanish,Not rated yet,65
Vitello pide un montón de chuches,Writtenby:KimFupzAakeson,Narratedby:BenjamínFigueres,12 mins,19-01-2022,spanish,Not rated yet,65
Barbie - En busca de las cachorritas,"Writtenby:Mattel,NicolásOluchaSánchez",Narratedby:BeatrizOlcina,35 mins,19-01-2022,spanish,Not rated yet,38
El misterio del ladrón narizotas,Writtenby:LuisaVillarLiébana,Narratedby:EstelaBenita,49 mins,21-01-2022,spanish,Not rated yet,115
Willy y el arenque asesino,"Writtenby:JeffreyArcher,JesúsCañadas-traductor",Narratedby:EmilioBianchi,33 mins,19-01-2022,spanish,Not rated yet,38
Pasado por auga,Writtenby:JeffKinney,"Narratedby:ÁngelesGarciaFigueiras,JoséCarlosPoloRodriguez",1 hr and 42 mins,19-01-2022,galician,Not rated yet,38
PJ Masks - ¡Los niños lobunos!,"Writtenby:eOne,NicolásOluchaSánchez",Narratedby:RogerSerradell,10 mins,19-01-2022,spanish,Not rated yet,38
Noémie Hollemechette,Writtenby:MagdeleineduGenestoux,Narratedby:EmmanuelleLemée,4 hrs and 54 mins,13-01-2022,french,Not rated yet,225
Los Pitufos - Historias de Pitufos,"Writtenby:Peyo,RaquelLuqueBenitez-traductor",Narratedby:GuillermoMontoya,2 hrs and 26 mins,17-01-2022,spanish,Not rated yet,153
Los Pitufos - Historias de 3 minutos,"Writtenby:Peyo,RaquelLuqueBenitez-traductor",Narratedby:GuillermoMontoya,34 mins,17-01-2022,spanish,Not rated yet,38
Il primo disastroso libro di Matt,Writtenby:FrancescoMuzzopappa,Narratedby:FrancescoLeonardoFabbri,4 hrs and 11 mins,13-01-2022,italian,Not rated yet,190
Françoise la mauvaise tête,Writtenby:MagdeleineduGenestoux,Narratedby:EmmanuelleLemée,4 hrs and 58 mins,12-01-2022,french,Not rated yet,225
Sotto la stella del lupo,Writtenby:RosanneParry,Narratedby:MirkoRosella,3 hrs and 52 mins,14-01-2022,italian,Not rated yet,268
Los Rescatadores Mágicos y la tostadora de los deseos,Writtenby:SabrinaCatdoor,Narratedby:LilianRodas,50 mins,15-01-2022,spanish,Not rated yet,76
Superhjältar på äventyr - Spider-Man får superhjälp!,Writtenby:Marvel,Narratedby:BenjaminHagberg,38 mins,13-01-2022,swedish,Not rated yet,32
Atrapados en el monte Olimpo,Writtenby:AlejandroKhan,Narratedby:EvaColl,50 mins,19-01-2022,spanish,Not rated yet,76
The Worst Class in the World Dares You!,Writtenby:JoannaNadin,Narratedby:SamNewton,1 hr and 4 mins,20-01-2022,English,Not rated yet,493
Der Ruf des Mondsteins,"Writtenby:ChenJiatong,UlrikeKöbele-Übersetzer",Narratedby:Michael-CheKoch,5 hrs and 45 mins,14-01-2022,german,Not rated yet,434
Pizza Power,Writtenby:WilliamGoldsmith,Narratedby:KrisDyer,5 hrs and 4 mins,20-01-2022,English,Not rated yet,569
The Case of the Smuggler's Curse,Writtenby:F.S.Dawson,Narratedby:MarkPeachey,3 hrs and 35 mins,20-01-2022,English,Not rated yet,569
The Lock-Eater,Writtenby:ZackLoranClark,Narratedby:AnnMarieLee,11 hrs and 27 mins,18-01-2022,English,Not rated yet,"1,382.00"
Brave New Pond,"Writtenby:JenniferL.Holm,MatthewHolm","Narratedby:MaryDilts,JorjeanaMarie,RobShapiro,",26 mins,25-01-2022,English,Not rated yet,251
The Box-Car Children,Writtenby:GertrudeChandlerWarner,Narratedby:CathleenFuller,2 hrs and 35 mins,27-01-2021,English,Not rated yet,335
Wild River,Writtenby:RodmanPhilbrick,Narratedby:MichaelCurran-Dorsano,3 hrs and 49 mins,02-03-2021,English,Not rated yet,656
The Wild Robot: Booktrack Edition,Writtenby:PeterBrown,Narratedby:KateAtwater,4 hrs and 14 mins,08-09-2020,English,Not rated yet,500
Skeleton Key,Writtenby:AnthonyHorowitz,Narratedby:OliverChris,6 hrs and 59 mins,09-04-2020,English,5 out of 5 stars3 ratings,569
Demon Dentist,Writtenby:DavidWalliams,Narratedby:DavidWalliams,4 hrs and 46 mins,03-10-2013,English,5 out of 5 stars3 ratings,265
Hidden Pictures,Writtenby:CarolynKeene,Narratedby:JorjeanaMarie,3 hrs and 12 mins,14-01-2020,English,4.5 out of 5 stars9 ratings,305
The Lost Continent,Writtenby:TuiT.Sutherland,Narratedby:ShannonMcManus,8 hrs and 23 mins,26-06-2018,English,4.5 out of 5 stars4 ratings,656
Unicorn Academy: Ariana and Whisper,Writtenby:JulieSykes,Narratedby:KristinAtherton,1 hr and 36 mins,08-10-2020,English,5 out of 5 stars1 rating,266
A Long Walk to Water,Writtenby:LindaSuePark,"Narratedby:DavidBaker,CynthiaBishop",2 hrs and 41 mins,07-11-2013,English,5 out of 5 stars3 ratings,797
Talons of Power,Writtenby:TuiT.Sutherland,Narratedby:ShannonMcManus,7 hrs and 52 mins,01-01-2017,English,5 out of 5 stars7 ratings,586
Bound for Danger,Writtenby:FranklinW.Dixon,Narratedby:TimGregory,3 hrs and 39 mins,20-03-2017,English,5 out of 5 stars4 ratings,305
"Captain Underpants and the Big, Bad Battle of the Bionic Booger Boy, Part 1: The Night of the Nasty Nostril Nuggets",Writtenby:DavPilkey,"Narratedby:LenForgione,DazjonFreeman,BenD'Amico",1 hr and 10 mins,16-10-2018,English,5 out of 5 stars5 ratings,258
Hello Kitty - El día de la boda,"Writtenby:Sanrio,NeusCasanovaVico",Narratedby:EvaAndrés,38 mins,10-11-2021,spanish,Not rated yet,38
Hello Kitty - La excursión escolar,"Writtenby:Sanrio,NeusCasanovaVico",Narratedby:EvaAndrés,40 mins,10-11-2021,spanish,Not rated yet,38
Hello Kitty - La princesa del pop,"Writtenby:Sanrio,NeusCasanovaVico",Narratedby:EvaAndrés,40 mins,10-11-2021,spanish,Not rated yet,38
Het oneindige verhaal,Writtenby:MichaelEnde,Narratedby:SanderdeHeer,16 hrs and 17 mins,10-11-2021,dutch,Not rated yet,267
Mariona y Comenoches,"Writtenby:JaumeCabré,RominaMartí-ilustrador,ConchaCardeñoso-traductor",Narratedby:ElisabetBargalló,21 mins,10-11-2021,spanish,Not rated yet,384
Thomas@geraamte.net (Afrikaans Edition),Writtenby:CarinaDiedericks-Hugo,Narratedby:HendrikNieuwoudt,2 hrs and 31 mins,03-11-2021,afrikaans,Not rated yet,417
Чучело,Writtenby:ВладимирКарповичЖелезников,Narratedby:ОлегИсаев,6 hrs and 56 mins,05-11-2021,russian,Not rated yet,99
Маленькая принцесса,Writtenby:ФренсисЭлизаБёрнетт,Narratedby:НатальяМихеева,6 hrs and 40 mins,03-11-2021,russian,Not rated yet,99
Маленький принц,Writtenby:АнтуандеСент-Экзюпери,Narratedby:АлексейРоссошанский,2 hrs and 3 mins,08-11-2021,russian,Not rated yet,99
Warhammer Adventures: Battle for the Soulspring,Writtenby:TomHuddleston,Narratedby:HelenMcAlpine,2 hrs and 35 mins,06-11-2021,English,Not rated yet,379
Warhammer Adventures: Fortress of Ghosts,Writtenby:TomHuddleston,Narratedby:HelenMcAlpine,2 hrs and 38 mins,06-11-2021,English,Not rated yet,379
Black Powder,Writtenby:AllySherrick,Narratedby:CharlotteStrevens,7 hrs and 44 mins,01-11-2021,English,Not rated yet,733
Le Mystère du train de la nuit,Writtenby:MarcThil,Narratedby:MarcThil,1 hr and 31 mins,28-10-2021,french,Not rated yet,225
Drachenalarm,Writtenby:BettinaRakowitz,Narratedby:ErikBorner,33 mins,28-10-2021,german,Not rated yet,166
Superjuffie!,Writtenby:JannekeSchotveld,Narratedby:JannekeSchotveld,2 hrs and 50 mins,28-10-2021,dutch,Not rated yet,367
Begyndelsen - Storm i sigte,"Writtenby:Disney,AnneLundGillesberg",Narratedby:MathiasKlenske,1 hr and 48 mins,26-10-2021,danish,Not rated yet,267
101 Dalmatinere - Begyndelsen - Anitas hemmelige hvalp,"Writtenby:Disney,TineS.Norbøll",Narratedby:AnnevigScheldeEbbe,1 hr and 22 mins,26-10-2021,danish,Not rated yet,233
Złote rękawice Arachne!,Writtenby:StellaTarakson,Narratedby:MaciejWięckowski,1 hr and 49 mins,28-10-2021,polish,Not rated yet,267
Die Traumwelt,Writtenby:NickReinhart,Narratedby:LuciaPatriciaBayer,5 hrs and 33 mins,22-10-2021,german,Not rated yet,401
Swashbuckler,Writtenby:JamesMoloney,Narratedby:StigWemyss,2 hrs and 2 mins,01-11-2021,English,Not rated yet,797
"Paddington, le roman du film","Writtenby:JeanneWillis,EricBetsch-traducteur",Narratedby:GuillaumeGallienne,2 hrs and 38 mins,10-11-2021,french,Not rated yet,719
Get a Hold of Your Elf!,Writtenby:NancyKrulik,Narratedby:JesúsE.Martínez,1 hr and 33 mins,19-10-2021,English,Not rated yet,"1,172.00"
Niemals den roten Knopf drücken oder die Dinos drehen durch,Writtenby:KatiNaumann,Narratedby:TanjaBunke,2 hrs and 38 mins,21-10-2021,german,Not rated yet,300
Le fabuloup gâteau de Gros-Louis,Writtenby:OrianneLallemand,Narratedby:WillProduction,5 mins,30-10-2021,french,Not rated yet,112
Loup et ses amis. L'intégrale,Writtenby:OrianneLallemand,Narratedby:WillProduction,36 mins,30-10-2021,french,Not rated yet,490
L'anniversaire de Louve,Writtenby:OrianneLallemand,Narratedby:WillProduction,5 mins,30-10-2021,french,Not rated yet,112
Edmond le dragon et l'incendie,Writtenby:OrianneLallemand,Narratedby:WillProduction,5 mins,30-10-2021,french,Not rated yet,112
La machine à vœux de Valentin,Writtenby:OrianneLallemand,Narratedby:WillProduction,5 mins,30-10-2021,french,Not rated yet,112
La drôle de maladie de Demoiselle Yéti,Writtenby:OrianneLallemand,Narratedby:WillProduction,5 mins,30-10-2021,french,Not rated yet,112
Le secret de Joshua,Writtenby:OrianneLallemand,Narratedby:WillProduction,4 mins,30-10-2021,french,Not rated yet,112
Alfred et le monstre de la forêt,Writtenby:OrianneLallemand,Narratedby:WillProduction,5 mins,30-10-2021,french,Not rated yet,112
Comenoches,Writtenby:AnaJuan,Narratedby:TeresaFernández,4 mins,18-10-2021,spanish,Not rated yet,384
Mörtel und Maus wollen hoch hinaus,Writtenby:MichaelEngler,Narratedby:MoritzPliquet,1 hr and 55 mins,29-10-2021,german,Not rated yet,233
Un viaje más allá de Sodor,"Writtenby:Mattel,RaquelLuqueBenitez",Narratedby:GermánGijón,10 mins,21-10-2021,spanish,Not rated yet,38
El prisionero de la fantasía,Writtenby:AndreuMartín,Narratedby:CristinaFargas,55 mins,11-10-2021,spanish,Not rated yet,115
Das Hotel der Wünsche,"Writtenby:SeanEasley,UlrikeRaimer-Nolte-Übersetzer",Narratedby:TimoWeisschnur,11 hrs and 4 mins,29-10-2021,german,Not rated yet,334
Der Verrat,Writtenby:GinaMayer,Narratedby:JonasMinthe,5 hrs and 50 mins,27-10-2021,german,Not rated yet,367
Das verbotene Turnier,Writtenby:GinaMayer,Narratedby:IngaReuters,1 hr and 25 mins,20-10-2021,german,Not rated yet,267
Дениска на Севером полюсе [Deniska at the North Pole],Writtenby:ГеннадийКораблев,Narratedby:ВладимирАбрамов,38 mins,11-10-2021,russian,Not rated yet,47
Lampie,Writtenby:AnnetSchaap,Narratedby:GenevieveGaunt,8 hrs and 53 mins,05-10-2021,English,Not rated yet,569
Spider-Man rettet Weihnachten / Spider-Man und seine Insektenfreunde,"Writtenby:MacKenzieCadenhead,SeanRyan,AnkeAlbrecht-Übersetzer",Narratedby:ChristianZeiger,1 hr and 1 min,05-10-2021,german,Not rated yet,233
Otto der Flaschengeist,Writtenby:ChristineFrank,Narratedby:LotharSchekira,44 mins,05-10-2021,german,Not rated yet,166
Peter Pan,Writtenby:J.M.Barrie,Narratedby:VictorWarren,5 hrs and 29 mins,12-10-2021,English,Not rated yet,$478
L'Ogre qui aimait les champignons,"Writtenby:OlivierCohen,YassenVodenitcharov,Jean-LoupPagesy",Narratedby:RégisIvanov,1 hr,07-10-2021,french,Not rated yet,679
Une mission parfumée !,"Writtenby:Mattel,MarieTimothéeMackowiak",Narratedby:ClaudeRoberval,12 mins,15-10-2021,french,Not rated yet,263
De précieux passagers,"Writtenby:Mattel,MarieTimothéeMackowiak",Narratedby:ClaudeRoberval,13 mins,15-10-2021,french,Not rated yet,263566
La Grande Course,"Writtenby:Mattel,MarieTimothéeMackowiak",Narratedby:ClaudeRoberval,11 mins,15-10-2021,french,Not rated yet,$263
Un concert enflammé,Writtenby:Mattel,Narratedby:JakeMeniani,8 mins,15-10-2021,french,Not rated yet,112
Thursdays with the Crown,Writtenby:JessicaDayGeorge,Narratedby:GraceAndrews,5 hrs and 38 mins,08-10-2021,English,Not rated yet,$600
Marvel Spider-Man - 5-Min-Geschichten,"Writtenby:FrederikKugler-Übersetzer,BirteBaumgardt",Narratedby:ChristianZeiger,1 hr and 3 mins,11-10-2021,german,Not rated yet,233
Un super match de football,Writtenby:Mattel,Narratedby:JakeMeniani,9 mins,07-10-2021,french,Not rated yet,187
Un super chien de sauvetage,Writtenby:Mattel,Narratedby:JakeMeniani,8 mins,07-10-2021,french,Not rated yet,14587
The Spitfang Lizard,Writtenby:KrisHumphrey,Narratedby:AlexWingfield,1 hr and 21 mins,01-10-2021,English,Not rated yet,573
Little Horror,Writtenby:DanielPeak,Narratedby:AnnabelBrook,3 hrs and 48 mins,01-10-2021,English,Not rated yet,626
Un sauvetage magique,Writtenby:Mattel,Narratedby:JakeMeniani,8 mins,07-10-2021,french,Not rated yet,187
Un cheval à sauver,Writtenby:Mattel,Narratedby:JakeMeniani,9 mins,07-10-2021,french,Not rated yet,187
Canoë à la Dérive !,Writtenby:Mattel,Narratedby:JakeMeniani,9 mins,07-10-2021,french,Not rated yet,184667
Disparition au Zoo !,Writtenby:Mattel,Narratedby:JakeMeniani,9 mins,07-10-2021,french,Not rated yet,187
Concours en péril,Writtenby:Mattel,Narratedby:JakeMeniani,7 mins,07-10-2021,french,Not rated yet,$187
La Tempête de Dhîves,Writtenby:LoïcBurlot,Narratedby:LoïcBurlot,1 hr and 6 mins,01-10-2021,french,Not rated yet,301
Im Bannkreis des Schwurs Teil 2,Writtenby:TanyaStewner,Narratedby:LauraMaire,5 hrs and 56 mins,29-09-2021,german,Not rated yet,468
Im Bannkreis des Schwurs Teil 1,Writtenby:TanyaStewner,Narratedby:LauraMaire,5 hrs and 58 mins,29-09-2021,german,Not rated yet,468
La Route du courage,"Writtenby:Mattel,MarieTimothéeMackowiak",Narratedby:ClaudeRoberval,22 mins,01-10-2021,french,Not rated yet,263
Bazar chez les locomotives,"Writtenby:Mattel,MarieTimothéeMackowiak",Narratedby:ClaudeRoberval,18 mins,23-09-2021,french,Not rated yet,263
