EmpID,Age,AgeGroup,BusinessTravel,Department,DistanceFromHome,Education,EducationField,Gender,JobRole,JobSatisfaction,MaritalStatus,SalarySlab,OverTime,PercentSalaryHike,,,,
RM297,18,18-25,Travel_Rarely,Research & Development,3,3,Life Sciences,Male,Laboratory Technician,3,Single,5k,No,13,,,,
RM302,18,18-25,Travel_Rarely,Sales,10,3,Medical,Female,Sales Representative,3,Single,5k,No,12,,,,
RM458,18,18-25,Travel_Frequently,Sales,5,3,Marketing,Male,Sales Representative,2,Single,5k,Yes,14,,,,
RM728,18,18-25,Non-Travel,Research & Development,5,2,Life Sciences,Male,Research Scientist,4,Single,5k,No,15,,,,
RM829,18,18-25,Non-Travel,Research & Development,8,1,Medical,Male,Laboratory Technician,3,Single,5k,No,12,,,,
RM973,18,18-25,Non-Travel,Research & Development,1,3,Life Sciences,Female,Laboratory Technician,4,Single,5k,No,15,,,,
RM1154,18,18-25,Travel_Frequently,Sales,3,2,Medical,Female,Sales Representative,4,Single,5k,Yes,12,,,,
RM1312,18,18-25,Non-Travel,Research & Development,14,3,Medical,Female,Research Scientist,3,Single,5k,No,16,,,,
RM128,19,18-25,Travel_Rarely,Sales,22,1,Marketing,Male,Sales Representative,3,Single,5k,Yes,19,,,,
RM150,19,18-25,Travel_Rarely,Research & Development,3,1,Medical,Female,Laboratory Technician,2,Single,5k,No,14,,,,
RM172,19,18-25,Travel_Frequently,Sales,1,1,Technical Degree,Female,Sales Representative,1,Single,5k,No,21,,,,
RM178,19,18-25,Travel_Rarely,Research & Development,58,3,Life Sciences,Male,Laboratory Technician,4,Single,5k,No,22,,,,
RM423,19,18-25,Travel_Rarely,Human Resources,2,2,,Male,Human Resources,4,Single,5k,No,12,,,,
RM689,19,18-25,Travel_Rarely,Sales,21,3,Other,Male,Sales Representative,2,Single,5k,Yes,13,,,,
RM854,19,18-25,Travel_Rarely,Research & Development,9,2,Life Sciences,Male,Research Scientist,1,Single,5k,No,25,,,,
RM893,19,18-25,Non-Travel,Research & Development,,3,Medical,Female,Research Scientist,2,Single,5k,Yes,25,,,,
RM910,19,18-25,Travel_Rarely,Research & Development,,3,Life Sciences,Female,Research Scientist,4,Single,5k,Yes,12,,,,
RM172,19,18-25,Travel_Frequently,Sales,1,1,Technical Degree,Female,Sales Representative,1,Single,5k,No,21,,,,
RM103,20,18-25,Travel_Frequently,Research & Development,,3,Life Sciences,Female,Laboratory Technician,4,Single,5k,Yes,18,,,,
RM488,20,18-25,Travel_Rarely,Research & Development,,3,Life Sciences,Female,Research Scientist,2,Single,5k,No,13,,,,
RM514,20,18-25,Travel_Rarely,Research & Development,,1,Medical,Male,Research Scientist,3,Single,5k,Yes,11,,,,
RM663,20,18-25,Travel_Rarely,Sales,96,3,Medical,Female,Sales Representative,3,Single,5k,No,13,,,,
RM690,20,18-25,Travel_Rarely,Research & Development,4,3,Technical Degree,Male,Laboratory Technician,1,Single,5k,No,19,,,,
RM732,20,18-25,Travel_Rarely,Research & Development,11,3,Medical,Female,Research Scientist,1,Single,5k,Yes,15,,,,
RM777,20,18-25,Travel_Frequently,Sales,9,3,Marketing,Female,Sales Representative,4,Single,5k,Yes,14,,,,
RM857,20,18-25,Travel_Rarely,Research & Development,3,3,Life Sciences,Male,Laboratory Technician,3,Single,5k,No,12,,,,
RM877,20,18-25,Travel_Rarely,Sales,21,3,Marketing,Male,Sales Representative,4,Single,5k,No,17,,,,
RM1179,20,18-25,Travel_Rarely,Sales,2,3,Medical,Female,Sales Representative,3,Single,5k,No,19,,,,
RM1198,20,18-25,Travel_Rarely,Sales,9,1,Life Sciences,Male,Sales Representative,1,Single,5k,No,11,,,,
RM024,21,18-25,Travel_Rarely,Research & Development,77,2,Life Sciences,Male,Research Scientist,4,Single,5k,No,14,,,,
RM275,21,18-25,Travel_Rarely,Research & Development,3,2,Medical,Male,Research Scientist,3,Single,5k,No,17,,,,
RM358,21,18-25,Travel_Frequently,Sales,85,1,Technical Degree,Female,Sales Representative,2,Single,5k,Yes,11,,,,
RM363,21,18-25,Non-Travel,Sales,9,2,Medical,Male,Sales Representative,4,Single,5k,No,24,,,,
RM371,21,18-25,Travel_Rarely,Sales,12,3,Life Sciences,Female,Sales Representative,2,Single,5k,No,15,,,,
RM497,21,18-25,Travel_Rarely,Sales,22,1,Technical Degree,Male,Sales Representative,3,Single,5k,No,11,,,,
RM664,21,18-25,Travel_Rarely,Research & Development,18,1,Other,Female,Research Scientist,4,Single,5k,No,19,,,,
RM778,21,18-25,Travel_Rarely,Research & Development,10,3,Life Sciences,Female,Laboratory Technician,1,Single,5k,No,13,,,,
RM816,21,18-25,Travel_Rarely,Research & Development,1,1,,Female,Research Scientist,2,Single,5k,Yes,11,,,,
RM916,21,18-25,Travel_Frequently,Research & Development,10,2,,Female,Laboratory Technician,3,Single,5k,No,20,,,,
RM1153,21,18-25,Travel_Rarely,Research & Development,5,1,,Male,Research Scientist,4,Single,5k,No,18,,,,
RM1272,21,18-25,Travel_Rarely,Sales,7,1,,Male,Sales Representative,2,Single,5k,No,13,,,,
RM1437,21,18-25,Travel_Rarely,Sales,5,1,Medical,Male,Sales Representative,1,Single,5k,Yes,11,,,,
RM018,22,18-25,Non-Travel,Research & Development,16,2,Medical,Male,Laboratory Technician,4,Divorced,5k,Yes,13,,,,
RM110,22,18-25,Travel_Rarely,Research & Development,15,3,Medical,Female,Laboratory Technician,4,Single,5k,No,15,,,,
RM129,22,18-25,Travel_Rarely,Research & Development,2,1,Technical Degree,Male,Laboratory Technician,4,Married,5k,No,14,,,,
RM161,22,18-25,Travel_Rarely,Research & Development,19,1,Medical,Male,Research Scientist,4,Married,5k,No,24,,,,
RM207,22,18-25,Travel_Rarely,Research & Development,5,3,Life Sciences,Male,Research Scientist,2,Divorced,5k,Yes,16,,,,
RM384,22,18-25,Travel_Rarely,Research & Development,11,3,Medical,Female,Research Scientist,2,Married,5k,No,13,,,,
RM444,22,18-25,Travel_Frequently,Research & Development,4,1,Technical Degree,Male,Laboratory Technician,3,Single,5k,No,16,,,,
RM499,22,18-25,Travel_Rarely,Research & Development,6,1,Medical,Male,Research Scientist,3,Married,5k,No,20,,,,
RM631,22,18-25,Travel_Rarely,Research & Development,1,2,Life Sciences,Male,Manufacturing Director,4,Married,5k,No,22,,,,
RM667,22,18-25,Travel_Rarely,Research & Development,3,1,Life Sciences,Female,Manufacturing Director,3,Married,5k,Yes,19,,,,
RM735,22,18-25,Travel_Rarely,Research & Development,8,1,Life Sciences,Male,Laboratory Technician,1,Married,5k,No,15,,,,
RM861,22,18-25,Travel_Frequently,Research & Development,3,4,Life Sciences,Male,Research Scientist,4,Married,5k,Yes,11,,,,
RM1138,22,18-25,Non-Travel,Research & Development,26,2,Other,Female,Research Scientist,3,Married,5k,Yes,14,,,,
RM1274,22,18-25,Travel_Rarely,Research & Development,8,1,Medical,Female,Laboratory Technician,1,Married,5k,Yes,17,,,,
RM1340,22,18-25,Travel_Rarely,Research & Development,7,1,Life Sciences,Male,Research Scientist,2,Single,5k,Yes,23,,,,
RM1424,22,18-25,Travel_Rarely,Research & Development,1,2,Life Sciences,Male,Research Scientist,3,Single,5k,No,12,,,,
RM087,23,18-25,Travel_Rarely,Sales,2,1,,Male,Sales Representative,1,Divorced,5k,No,13,,,,
RM346,23,18-25,Travel_Rarely,Research & Development,26,1,,Male,Research Scientist,4,Divorced,5k,No,12,,,,
RM517,23,18-25,Travel_Rarely,Research & Development,4,3,,Male,Research Scientist,1,Married,5k,No,16,,,,
RM551,23,18-25,Travel_Rarely,Research & Development,9,1,,Male,Laboratory Technician,1,Married,5k,No,14,,,,
RM566,23,18-25,Travel_Rarely,Research & Development,10,1,Medical,Male,Research Scientist,3,Single,5k,No,18,,,,
RM586,23,18-25,Travel_Rarely,Research & Development,6,3,Life Sciences,Male,Laboratory Technician,1,Married,5k,Yes,21,,,,
RM911,23,18-25,Travel_Rarely,Research & Development,1,2,Life Sciences,Male,Research Scientist,3,Married,5k,No,22,,,,
RM1083,23,18-25,Travel_Rarely,Research & Development,20,1,Life Sciences,Male,Laboratory Technician,3,Single,5k,No,14,,,,
RM1128,23,18-25,Travel_Rarely,Research & Development,10,3,Technical Degree,Male,Research Scientist,3,Married,5k,No,16,,,,
RM1202,23,18-25,Travel_Rarely,Research & Development,8,1,Medical,Male,Laboratory Technician,3,Single,5k,Yes,11,,,,
RM1214,23,18-25,Travel_Rarely,Sales,7,3,Life Sciences,Male,Sales Representative,4,Divorced,5k,Yes,21,,,,
RM1239,23,18-25,Travel_Rarely,Research & Development,4,1,Medical,Female,Laboratory Technician,2,Single,5k,No,13,,,,
RM1409,23,18-25,Travel_Rarely,Research & Development,12,2,Other,Male,Laboratory Technician,4,Single,5k,No,13,,,,
RM1439,23,18-25,Travel_Frequently,Sales,9,3,Marketing,Male,Sales Representative,1,Married,5k,No,19,,,,
RM021,24,18-25,Non-Travel,Research & Development,11,2,Other,Female,Manufacturing Director,3,Divorced,5k,No,18,,,,
RM035,24,18-25,Travel_Rarely,Research & Development,1,3,Medical,Male,Research Scientist,4,Married,5k,Yes,16,,,,
RM097,24,18-25,,Sales,3,2,Other,Female,Sales Executive,3,Married,5k,No,21,,,,
RM114,24,18-25,,Research & Development,18,1,Life Sciences,Male,Laboratory Technician,3,Married,5k,No,12,,,,
RM381,24,18-25,,Sales,10,4,Marketing,Female,Sales Executive,3,Divorced,5k,Yes,12,,,,
RM415,24,18-25,,Sales,1,1,Technical Degree,Female,Sales Representative,2,Single,5k,Yes,16,,,,
RM471,24,18-25,,Sales,24,3,Medical,Male,Sales Representative,4,Married,5k,No,13,,,,
RM475,24,18-25,,Research & Development,23,3,Medical,Male,Research Scientist,4,Married,5k,Yes,11,,,,
RM477,24,18-25,,Research & Development,17,2,Other,Male,Laboratory Technician,2,Married,5k,No,21,,,,
RM480,24,18-25,,Research & Development,7,3,Life Sciences,Female,Laboratory Technician,3,Married,5k,Yes,16,,,,
RM526,24,18-25,,Sales,3,2,Life Sciences,Female,Sales Executive,3,Single,5k,No,14,,,,
RM587,24,18-25,Non-Travel,Research & Development,9,3,Life Sciences,Male,Laboratory Technician,2,Divorced,5k,No,11,,,,
RM641,24,18-25,Non-Travel,Research & Development,4,1,Life Sciences,Male,Laboratory Technician,4,Married,5k,No,17,,,,
RM725,24,18-25,Travel_Rarely,Research & Development,17,1,Medical,Female,Manufacturing Director,3,Divorced,5k,No,15,,,,
RM842,24,18-25,Travel_Rarely,Research & Development,24,3,Medical,Male,Laboratory Technician,2,Single,5k,No,22,,,,
RM872,24,18-25,Travel_Rarely,Research & Development,17,2,Life Sciences,Female,Laboratory Technician,2,Married,5k,No,13,,,,
RM1026,24,18-25,Travel_Rarely,Sales,4,1,Medical,Female,Sales Executive,3,Married,5k,Yes,12,,,,
RM1061,24,18-25,Travel_Frequently,Research & Development,9,3,Medical,Male,Laboratory Technician,1,Single,5k,Yes,11,,,,
RM1062,24,18-25,Non-Travel,Sales,13,2,Life Sciences,Female,Sales Representative,2,Married,5k,No,13,,,,
RM1098,24,18-25,Travel_Rarely,Research & Development,21,2,Technical Degree,Male,Laboratory Technician,1,Divorced,5k,No,14,,,,
RM1169,24,18-25,Travel_Frequently,Research & Development,2,1,Technical Degree,Female,Research Scientist,4,Single,5k,Yes,13,,,,
RM1218,24,18-25,Travel_Rarely,Research & Development,9,3,Medical,Male,Research Scientist,3,Married,5k,No,16,,,,
RM1223,24,18-25,Travel_Rarely,Human Resources,22,1,Human Resources,Male,Human Resources,3,Married,5k,No,11,,,,
RM1231,24,18-25,Travel_Rarely,Research & Development,29,1,Medical,Male,Laboratory Technician,1,Divorced,5k,No,13,,,,
RM1246,24,18-25,Travel_Frequently,Human Resources,10,3,Medical,Male,Human Resources,4,Married,5k,No,14,,,,
RM1408,24,18-25,Travel_Rarely,Research & Development,1,2,Life Sciences,Male,Healthcare Representative,3,Single,5k,No,12,,,,
RM108,25,18-25,Travel_Rarely,Sales,5,3,Marketing,Male,Sales Executive,3,Single,5k,Yes,11,,,,
RM109,25,18-25,Travel_Rarely,Research & Development,7,1,Medical,Male,Research Scientist,4,Married,5k,No,11,,,,
RM139,25,18-25,Travel_Rarely,Sales,28,3,Life Sciences,Male,Sales Executive,3,Married,5k,No,18,,,,
RM256,25,18-25,Travel_Rarely,Research & Development,1,3,Life Sciences,Female,Manufacturing Director,3,Married,5k,No,12,,,,
RM268,25,18-25,Non-Travel,Research & Development,5,2,Life Sciences,Male,Healthcare Representative,1,Divorced,5k,No,12,,,,
RM398,25,18-25,Travel_Rarely,Sales,4,2,Life Sciences,Female,Sales Executive,4,Single,5k,Yes,11,,,,
RM406,25,18-25,Travel_Rarely,Research & Development,3,3,Medical,Male,Laboratory Technician,1,Married,5k,No,13,,,,
RM479,25,18-25,Travel_Rarely,Sales,13,1,Medical,Male,Sales Representative,3,Married,5k,No,11,,,,20k
RM518,25,18-25,Travel_Rarely,Sales,8,3,Life Sciences,Male,Sales Executive,2,Married,5k,No,22,,,,
RM564,25,18-25,Travel_Rarely,Sales,26,1,Medical,Female,Sales Executive,4,Single,5k,No,23,,,,
RM619,25,18-25,Travel_Rarely,Research & Development,2,1,Medical,Male,Research Scientist,1,Single,10k,No,13,,,,
RM635,25,18-25,Travel_Rarely,Sales,3,1,Other,Male,Sales Executive,1,Married,10k,Yes,18,,,,
RM639,25,18-25,Travel_Rarely,Sales,4,1,Marketing,Male,Sales Executive,1,Married,10k,No,12,,,,
RM684,25,18-25,Travel_Rarely,Sales,19,2,Marketing,Male,Sales Representative,2,Married,10k,Yes,18,,,,
RM797,25,18-25,Travel_Rarely,Research & Development,4,1,Technical Degree,Male,Laboratory Technician,4,Married,10k,Yes,15,,,,
RM886,25,18-25,Travel_Rarely,Sales,10,4,Life Sciences,Male,Sales Executive,4,Single,10k,No,14,,,,
RM912,25,18-25,Travel_Frequently,Sales,24,1,Life Sciences,Male,Sales Representative,4,Single,10k,Yes,14,,,,
RM935,25,18-25,Travel_Rarely,Research & Development,1,3,Medical,Female,Research Scientist,2,Single,10k,No,18,,,,
RM966,25,18-25,Travel_Rarely,Research & Development,19,1,Medical,Male,Laboratory Technician,4,Married,10k,No,11,,,,
RM994,25,18-25,Travel_Rarely,Sales,18,1,Life Sciences,Male,Sales Executive,3,Married,10k,No,11,,,,
RM1004,25,18-25,Travel_Rarely,Research & Development,1,3,Technical Degree,Male,Laboratory Technician,4,Married,10k,No,11,,,,
RM1022,25,18-25,Travel_Rarely,Sales,9,2,Life Sciences,Male,Sales Representative,1,Married,10k,No,12,,,,
RM1175,25,18-25,Travel_Frequently,Research & Development,2,1,Life Sciences,Male,Manufacturing Director,3,Divorced,10k,No,17,,,,
RM1412,25,18-25,Travel_Rarely,Human Resources,2,3,Human Resources,Female,Human Resources,2,Married,10k,No,14,,,,
RM1414,25,18-25,Travel_Rarely,Research & Development,2,1,Other,Male,Laboratory Technician,3,Divorced,10k,Yes,19,,,,
RM1434,25,18-25,Travel_Rarely,Sales,8,2,Other,Female,Sales Executive,3,Divorced,20k,Yes,22,,,,
RM043,26,26-35,,Research & Development,25,3,Life Sciences,Male,Laboratory Technician,3,Single,20k,No,12,,,,
RM055,26,26-35,,Sales,23,3,Marketing,Female,Sales Executive,4,Married,20k,Yes,19,,,,
RM126,26,26-35,,Research & Development,6,3,Other,Female,Research Scientist,2,Married,20k,No,19,,,,
RM135,26,26-35,,Human Resources,25,1,Life Sciences,Female,Human Resources,3,Married,20k,No,23,,,,
RM279,26,26-35,,Research & Development,1,3,Life Sciences,Female,Manufacturing Director,2,Divorced,20k,No,20,,,,
RM285,26,26-35,,Research & Development,11,2,Medical,Male,Healthcare Representative,1,Married,20k,Yes,13,,,,
RM289,26,26-35,,Research & Development,16,4,Medical,Male,Laboratory Technician,2,Divorced,20k,Yes,13,,,,
RM294,26,26-35,,Sales,4,4,Marketing,Male,Sales Executive,4,Single,20k,Yes,12,,,,
RM356,26,26-35,,Sales,1,3,Life Sciences,Male,Sales Executive,3,Married,20k,No,17,,,,
RM383,26,26-35,Travel_Frequently,Research & Development,3,1,Technical Degree,Male,Research Scientist,1,Single,20k,No,22,,,,
RM419,26,26-35,Travel_Rarely,Research & Development,23,3,Life Sciences,Female,Research Scientist,4,Divorced,20k,No,22,,,,
RM454,26,26-35,Travel_Frequently,Human Resources,17,4,Life Sciences,Female,Human Resources,3,Divorced,20k,Yes,11,,,,
RM461,26,26-35,Travel_Rarely,Sales,29,2,Medical,Male,Sales Executive,3,Divorced,20k,No,12,,,,
RM464,26,26-35,Travel_Rarely,Research & Development,24,3,Technical Degree,Male,Laboratory Technician,4,Single,20k,Yes,18,,,,
RM476,26,26-35,Travel_Rarely,Sales,28,2,Marketing,Male,Sales Executive,2,Married,20k,No,20,,,,
RM506,26,26-35,Travel_Rarely,Research & Development,6,3,Life Sciences,Female,Laboratory Technician,4,Married,20k,Yes,13,,,,
RM572,26,26-35,Travel_Frequently,Research & Development,1,2,Life Sciences,Female,Laboratory Technician,4,Divorced,20k,No,14,,,,
RM574,26,26-35,Travel_Rarely,Sales,8,3,Technical Degree,Male,Sales Executive,1,Single,20k,No,17,,,,
RM615,26,26-35,Travel_Frequently,Research & Development,5,2,Medical,Female,Research Scientist,3,Married,20k,Yes,14,,,,
RM686,26,26-35,Travel_Frequently,Sales,1,3,Medical,Male,Sales Executive,1,Single,20k,No,12,,,,
RM734,26,26-35,Travel_Rarely,Research & Development,2,2,Medical,Male,Manufacturing Director,4,Married,20k,No,12,,,,
RM749,26,26-35,Non-Travel,Sales,29,2,Medical,Male,Sales Executive,1,Single,20k,No,18,,,,
RM763,26,26-35,Travel_Frequently,Research & Development,2,3,Life Sciences,Male,Research Scientist,1,Married,20k,Yes,14,,,,
RM770,26,26-35,Travel_Frequently,Research & Development,1,1,Medical,Female,Research Scientist,3,Divorced,20k,No,13,,,,
RM782,26,26-35,Travel_Rarely,Research & Development,1,2,Medical,Male,Laboratory Technician,1,Married,20k,No,16,,,,
RM798,26,26-35,Travel_Rarely,Research & Development,21,3,Medical,Male,Laboratory Technician,3,Divorced,20k,No,20,,,,
RM844,26,26-35,Travel_Rarely,Research & Development,3,4,Medical,Male,Laboratory Technician,4,Married,20k,No,22,,,,
RM913,26,26-35,Travel_Rarely,Research & Development,4,2,Life Sciences,Male,Research Scientist,4,Single,20k,Yes,20,,,,
RM999,26,26-35,Travel_Rarely,Research & Development,2,1,Medical,Male,Research Scientist,4,Single,20k,No,12,,,,
RM1005,26,26-35,Travel_Rarely,Research & Development,7,3,Other,Male,Laboratory Technician,1,Single,20k,No,12,,,,
RM1119,26,26-35,Travel_Rarely,Research & Development,3,3,Life Sciences,Female,Research Scientist,4,Married,20k,No,21,,,,
RM1207,26,26-35,Non-Travel,Research & Development,7,3,Medical,Male,Laboratory Technician,4,Single,20k,No,20,,,,
RM1225,26,26-35,Travel_Rarely,Research & Development,17,4,Medical,Male,Laboratory Technician,3,Married,20k,No,15,,,,
RM1298,26,26-35,Travel_Rarely,Human Resources,20,2,Medical,Female,Human Resources,2,Married,20k,Yes,11,,,,
RM1310,26,26-35,Travel_Rarely,Sales,10,3,Medical,Male,Sales Executive,4,Single,20k,No,13,,,,
RM1350,26,26-35,Travel_Rarely,Research & Development,1,2,Life Sciences,Female,Research Scientist,3,Married,20k,Yes,13,,,,
RM1362,26,26-35,Travel_Frequently,Research & Development,6,3,Other,Male,Laboratory Technician,4,Married,20k,No,18,,,,
RM1387,26,26-35,Travel_Rarely,Research & Development,1,3,Medical,Male,Laboratory Technician,1,Single,20k,No,13,,,,
RM1465,26,26-35,Travel_Rarely,Sales,5,3,Other,Female,Sales Representative,3,Single,20k,No,18,,,,
RM1465,26,26-35,Travel_Rarely,Sales,5,3,Other,Female,Sales Representative,3,Single,20k,No,18,,,,
RM005,27,26-35,Travel_Rarely,Research & Development,2,1,Medical,Male,Laboratory Technician,2,Married,20k,No,12,,,,
RM042,27,26-35,Travel_Rarely,Research & Development,2,4,Life Sciences,Female,Laboratory Technician,1,Divorced,20k,No,13,,,,
RM044,27,26-35,Travel_Frequently,Sales,8,3,Life Sciences,Male,Sales Executive,3,Single,20k,No,15,,,,
RM162,27,26-35,Non-Travel,Research & Development,9,3,Medical,Male,Research Scientist,2,Divorced,20k,No,18,,,,
RM165,27,26-35,,Research & Development,3,3,Medical,Male,Research Scientist,3,Divorced,20k,Yes,15,,,,
RM171,27,26-35,,Research & Development,17,3,Technical Degree,Male,Research Scientist,2,Married,20k,Yes,16,,,,
RM192,27,26-35,,Research & Development,9,3,Medical,Female,Research Scientist,2,Single,20k,No,16,,,,
RM201,27,26-35,,Research & Development,1,1,Technical Degree,Male,Manufacturing Director,1,Married,20k,No,19,,,,
RM213,27,26-35,,Sales,20,3,Life Sciences,Female,Sales Executive,3,Single,20k,No,14,,,,
RM319,27,26-35,,Research & Development,5,3,Life Sciences,Female,Research Scientist,2,Single,20k,Yes,12,,,,
RM321,27,26-35,,Sales,2,3,Life Sciences,Male,Sales Executive,3,Single,20k,Yes,11,,,,
RM332,27,26-35,,Sales,1,1,Marketing,Male,Sales Executive,2,Married,20k,Yes,13,,,,
RM340,27,26-35,Travel_Rarely,Sales,8,4,Marketing,Female,Sales Executive,2,Married,20k,No,18,,,,
RM374,27,26-35,Travel_Rarely,Research & Development,1,2,Medical,Male,Laboratory Technician,2,Divorced,20k,No,11,,,,
RM486,27,26-35,Travel_Rarely,Research & Development,6,4,Medical,Female,Research Scientist,3,Divorced,20k,No,12,,,,
RM496,27,26-35,Travel_Rarely,Sales,2,1,Marketing,Male,Sales Representative,1,Divorced,20k,No,11,,,,
RM513,27,26-35,Travel_Rarely,Research & Development,3,4,Medical,Male,Research Scientist,4,Single,20k,No,13,,,,
RM522,27,26-35,Travel_Frequently,Sales,3,1,Medical,Female,Sales Executive,4,Divorced,20k,Yes,20,,,,
RM531,27,26-35,Travel_Rarely,Research & Development,1,2,Life Sciences,Female,Manufacturing Director,1,Married,20k,No,11,,,,
RM538,27,26-35,Travel_Frequently,Research & Development,10,2,Life Sciences,Male,Manufacturing Director,1,Divorced,20k,No,21,,,,
RM555,27,26-35,Travel_Rarely,Research & Development,7,3,Medical,Female,Healthcare Representative,1,Single,20k,No,19,,,,
RM577,27,26-35,Travel_Frequently,Sales,8,1,Marketing,Male,Sales Executive,4,Married,20k,No,19,,,,
RM611,27,26-35,Travel_Rarely,Research & Development,5,1,Technical Degree,Male,Research Director,4,Divorced,20k,Yes,16,,,,
RM616,27,26-35,Non-Travel,Research & Development,3,3,Medical,Male,Research Scientist,4,Married,20k,No,11,,,,
RM671,27,26-35,Travel_Rarely,Research & Development,4,3,Life Sciences,Female,Research Scientist,3,Single,20k,No,19,,,,
RM718,27,26-35,Travel_Rarely,Research & Development,16,4,Technical Degree,Female,Laboratory Technician,2,Married,20k,No,14,,,,
RM740,27,26-35,Travel_Rarely,Research & Development,2,4,Life Sciences,Female,Manufacturing Director,4,Married,20k,No,18,,,,
RM787,27,26-35,Non-Travel,Research & Development,8,5,Life Sciences,Male,Laboratory Technician,3,Married,20k,No,19,,,,
RM834,27,26-35,Travel_Rarely,Research & Development,6,3,Life Sciences,Male,Research Scientist,3,Married,20k,No,13,,,,
RM890,27,26-35,Travel_Rarely,Research & Development,14,3,Life Sciences,Male,Research Scientist,1,Married,20k,Yes,14,,,,
RM903,27,26-35,Travel_Rarely,Research & Development,4,2,Life Sciences,Male,Research Scientist,3,Divorced,20k,No,11,,,,
RM971,27,26-35,Travel_Rarely,Sales,11,3,Medical,Female,Sales Representative,4,Married,20k,No,14,,,,
RM975,27,26-35,Travel_Frequently,Sales,2,1,Life Sciences,Male,Sales Executive,4,Single,20k,No,20,,,,
RM997,27,26-35,Travel_Rarely,Sales,10,3,Marketing,Female,Sales Executive,4,Married,20k,Yes,11,,,,
RM998,27,26-35,Travel_Rarely,Research & Development,17,4,Life Sciences,Female,Research Scientist,3,Single,20k,Yes,13,,,,
RM1018,27,26-35,Travel_Rarely,Research & Development,11,1,Life Sciences,Male,Laboratory Technician,1,Married,20k,No,14,,,,
RM1150,27,26-35,Travel_Rarely,Research & Development,19,3,Other,Male,Laboratory Technician,1,Divorced,20k,No,11,,,,
RM1170,27,26-35,Travel_Rarely,Research & Development,8,3,Medical,Female,Research Scientist,3,Married,20k,No,17,,,,
RM1171,27,26-35,Travel_Frequently,Research & Development,2,3,Medical,Male,Research Scientist,4,Single,20k,No,13,,,,
RM1249,27,26-35,Travel_Rarely,Research & Development,8,3,Medical,Female,Research Scientist,4,Single,20k,No,11,,,,
RM1318,27,26-35,Travel_Frequently,Research & Development,5,2,Life Sciences,Female,Laboratory Technician,4,Single,20k,Yes,14,,,,
RM1329,27,26-35,Travel_Rarely,Sales,23,1,Medical,Female,Sales Representative,3,Married,20k,No,21,,,,
RM1335,27,26-35,Travel_Frequently,Research & Development,15,3,Life Sciences,Female,Research Scientist,1,Married,20k,No,19,,,,
RM1351,27,26-35,Travel_Rarely,Sales,2,2,Medical,Female,Sales Executive,3,Single,20k,No,14,,,,
RM1368,27,26-35,TravelRarely,Research & Development,2,4,Technical Degree,Male,Research Scientist,2,Married,20k,No,11,,,,
RM1380,27,26-35,Travel_Frequently,Human Resources,22,3,Human Resources,Female,Human Resources,2,Married,20k,No,12,,,,
RM1394,27,26-35,Travel_Rarely,Sales,9,3,Marketing,Male,Sales Executive,4,Single,20k,No,14,,,,
RM1468,27,26-35,Travel_Rarely,Research & Development,4,3,Life Sciences,Male,Manufacturing Director,2,Married,20k,Yes,20,,,,
RM1468,27,26-35,Travel_Rarely,Research & Development,4,3,Life Sciences,Male,Manufacturing Director,2,Married,20k,Yes,20,,,,
RM015,28,26-35,Travel_Rarely,Research & Development,24,3,Life Sciences,Male,Laboratory Technician,3,Single,20k,Yes,14,,,,
RM052,28,26-35,Travel_Rarely,Research & Development,5,4,Technical Degree,Male,Laboratory Technician,3,Single,15k,Yes,13,,,,
RM098,28,26-35,Non-Travel,Sales,4,3,Medical,Male,Sales Executive,3,Married,15k,No,15,,,,
RM163,28,26-35,Travel_Rarely,Research & Development,21,3,Medical,Male,Research Scientist,4,Married,15k,No,11,,,,
RM265,28,26-35,Travel_Rarely,Research & Development,2,4,Life Sciences,Male,Laboratory Technician,3,Single,15k,No,11,,,,
RM273,28,26-35,Travel_Rarely,Research & Development,9,3,Medical,Male,Research Scientist,4,Married,15k,No,23,,,,
RM290,28,26-35,Travel_Rarely,Research & Development,8,2,Life Sciences,Female,Research Scientist,4,Single,15k,No,21,,,,
RM303,28,26-35,Travel_Rarely,Research & Development,16,2,Medical,Male,Healthcare Representative,1,Single,15k,No,19,,,,
RM324,28,26-35,Travel_Rarely,Research & Development,2,4,Medical,Male,Research Scientist,4,Married,15k,Yes,13,,,,
RM375,28,26-35,Travel_Rarely,Sales,9,4,Life Sciences,Male,Sales Executive,4,Single,15k,No,16,,,,
RM405,28,26-35,Travel_Rarely,Research & Development,,2,Medical,Male,Laboratory Technician,1,Divorced,15k,No,12,,,,
RM541,28,26-35,Travel_Rarely,Research & Development,,2,Life Sciences,Female,Research Scientist,2,Single,15k,Yes,13,,,,
RM599,28,26-35,Travel_Rarely,Research & Development,,4,Medical,Male,Research Scientist,3,Single,15k,No,17,,,,
RM613,28,26-35,Travel_Rarely,Sales,,4,Marketing,Female,Sales Executive,2,Married,15k,Yes,20,,,,
RM630,28,26-35,Travel_Rarely,Human Resources,,2,Medical,Male,Human Resources,4,Divorced,15k,No,13,,,,
RM660,28,26-35,Travel_Rarely,Sales,,4,Medical,Male,Sales Executive,4,Single,15k,No,14,,,,
RM669,28,26-35,Travel_Rarely,Research & Development,,3,Medical,Female,Research Scientist,3,Divorced,15k,No,18,,,,
RM765,28,26-35,Travel_Rarely,Sales,,1,Medical,Male,Sales Representative,2,Married,15k,No,22,,,,
RM781,28,26-35,Non-Travel,Research & Development,24,2,Technical Degree,Male,Healthcare Representative,1,Single,15k,No,12,,,,
RM789,28,26-35,Travel_Rarely,Research & Development,10,3,Other,Female,Research Scientist,3,Single,15k,No,13,,,,
RM794,28,26-35,Travel_Rarely,Research & Development,15,2,Life Sciences,Male,Laboratory Technician,3,Divorced,15k,No,16,,,,
RM801,28,26-35,Travel_Frequently,Research & Development,1,3,Medical,Male,Laboratory Technician,2,Divorced,15k,No,15,,,,
RM810,28,26-35,Travel_Rarely,Research & Development,3,3,Medical,Female,Manufacturing Director,2,Divorced,15k,No,17,,,,
RM820,28,26-35,Travel_Rarely,Research & Development,2,1,Life Sciences,Male,Research Scientist,2,Married,15k,No,17,,,,
RM828,28,26-35,Travel_Frequently,Research & Development,6,3,Life Sciences,Male,Research Scientist,3,Divorced,15k,Yes,14,,,,
RM843,28,26-35,Travel_Rarely,Research & Development,12,1,Life Sciences,Female,Laboratory Technician,4,Married,15k,Yes,11,,,,
RM869,28,26-35,Travel_Rarely,Research & Development,19,4,Medical,Male,Laboratory Technician,1,Married,15k,No,12,,,,
RM922,28,26-35,Travel_Frequently,Research & Development,1,4,Medical,Male,Laboratory Technician,3,Single,15k,Yes,11,,,,
RM930,28,26-35,Travel_Frequently,Research & Development,2,3,Life Sciences,Male,Laboratory Technician,4,Married,15k,Yes,12,,,,
RM934,28,26-35,Travel_Rarely,Research & Development,1,3,Technical Degree,Male,Research Scientist,1,Single,15k,No,11,,,,
RM945,28,26-35,Non-Travel,Research & Development,1,3,Life Sciences,Female,Laboratory Technician,4,Married,15k,No,11,,,,
RM985,28,26-35,Travel_Rarely,Sales,26,3,Life Sciences,Male,Sales Executive,1,Married,15k,No,11,,,,
RM1042,28,26-35,Travel_Rarely,Sales,5,3,Medical,Male,Sales Executive,1,Single,15k,No,18,,,,
RM1057,28,26-35,Travel_Frequently,Sales,1,3,Technical Degree,Male,Sales Representative,3,Married,15k,No,15,,,,
RM1069,28,26-35,Travel_Frequently,Research & Development,2,2,Medical,Male,Laboratory Technician,1,Single,15k,No,11,,,,
RM1070,28,26-35,Travel_Rarely,Research & Development,1,3,Life Sciences,Male,Research Scientist,3,Divorced,15k,No,14,,,,
RM1071,28,26-35,Travel_Frequently,Sales,7,3,Life Sciences,Male,Sales Executive,1,Single,15k,No,14,,,,
RM1074,28,26-35,Travel_Rarely,Research & Development,29,1,Life Sciences,Male,Manufacturing Director,2,Married,15k,No,14,,,,
RM1137,28,26-35,Travel_Rarely,Research & Development,24,3,Medical,Male,Laboratory Technician,2,Married,15k,Yes,17,,,,
RM1152,28,26-35,Travel_Rarely,Research & Development,27,3,Medical,Female,Manufacturing Director,1,Divorced,15k,No,21,,,,
RM1284,28,26-35,Travel_Rarely,Research & Development,1,3,Life Sciences,Male,Research Scientist,4,Married,15k,No,11,,,,
RM1308,28,26-35,Travel_Rarely,Research & Development,1,3,Medical,Female,Research Scientist,1,Married,15k,No,25,,,,
RM1324,28,26-35,Non-Travel,Human Resources,1,2,Life Sciences,Male,Human Resources,4,Divorced,15k,No,15,,,,
RM1338,28,26-35,Travel_Rarely,Sales,3,3,Medical,Female,Sales Representative,2,Married,15k,No,19,,,,
RM1365,28,26-35,Travel_Frequently,Sales,1,2,Life Sciences,Male,Sales Executive,4,Married,15k,Yes,12,,,,
RM1370,28,26-35,Travel_Rarely,Sales,13,2,Marketing,Female,Sales Executive,3,Single,15k,Yes,11,,,,
RM1382,28,26-35,Non-Travel,Research & Development,16,3,Medical,Male,Research Scientist,3,Single,15k,No,14,,,,
RM1391,28,26-35,Travel_Rarely,Research & Development,17,3,Technical Degree,Male,Laboratory Technician,4,Divorced,15k,No,12,,,,
RM012,29,26-35,Travel_Rarely,Research & Development,15,2,Life Sciences,Female,Laboratory Technician,3,Single,15k,Yes,12,,,,
RM016,29,26-35,Travel_Rarely,Research & Development,21,4,Life Sciences,Female,Manufacturing Director,1,Divorced,15k,No,11,,,,
RM072,29,26-35,Travel_Rarely,Research & Development,2,3,Life Sciences,Male,Research Scientist,2,Married,15k,No,23,,,,
RM156,29,26-35,Non-Travel,Research & Development,1,1,Technical Degree,Male,Manufacturing Director,3,Married,15k,No,13,,,,
RM206,29,26-35,Travel_Rarely,Sales,27,3,Marketing,Female,Sales Executive,4,Married,15k,No,22,,,,
RM218,29,26-35,Travel_Rarely,Research & Development,1,3,Technical Degree,Male,Research Scientist,3,Single,15k,No,14,,,,
RM228,29,26-35,Travel_Frequently,Sales,1,1,Medical,Female,Sales Executive,4,Married,15k,No,14,,,,
RM230,29,26-35,Travel_Rarely,Research & Development,18,1,Medical,Male,Research Scientist,4,Single,15k,Yes,13,,,,
RM253,29,26-35,Travel_Rarely,Research & Development,15,3,Life Sciences,Male,Research Scientist,4,Single,15k,No,19,,,,
RM255,29,26-35,Travel_Rarely,Sales,20,2,Marketing,Male,Sales Executive,4,Divorced,15k,No,14,,,,
RM266,29,26-35,Travel_Rarely,Sales,2,3,Medical,Male,Sales Executive,2,Married,15k,No,19,,,,
RM283,29,26-35,Travel_Frequently,Sales,2,2,Life Sciences,Male,Sales Executive,4,Single,15k,No,18,,,,
RM337,29,26-35,Travel_Rarely,Research & Development,8,4,Other,Male,Laboratory Technician,1,Married,15k,Yes,11,,,,
RM338,29,26-35,Travel_Rarely,Research & Development,9,5,Other,Male,Laboratory Technician,4,Single,15k,No,17,,,,
RM344,29,26-35,Travel_Rarely,Sales,10,1,Marketing,Female,Sales Executive,2,Divorced,15k,Yes,14,,,,
RM350,29,26-35,Non-Travel,Sales,2,3,Life Sciences,Male,Sales Executive,3,Married,15k,No,14,,,,
RM372,29,26-35,Travel_Rarely,Research & Development,23,3,Life Sciences,Male,Research Scientist,4,Single,15k,No,16,,,,
RM421,29,26-35,Travel_Rarely,Research & Development,3,4,Medical,Male,Research Director,3,Married,15k,No,18,,,,
RM422,29,26-35,Travel_Rarely,Research & Development,25,5,Technical Degree,Female,Research Scientist,2,Married,15k,No,16,,,,
RM455,29,26-35,Travel_Rarely,Research & Development,19,3,Technical Degree,Male,Manufacturing Director,4,Divorced,15k,No,12,,,,
RM508,29,26-35,Travel_Rarely,Sales,3,2,Medical,Female,Sales Executive,3,Married,15k,No,14,,,,
RM520,29,26-35,Travel_Frequently,Research & Development,1,4,Life Sciences,Male,Research Scientist,4,Divorced,15k,No,18,,,,
RM547,29,26-35,Travel_Rarely,Sales,10,3,Life Sciences,Male,Sales Representative,3,Single,15k,No,11,,,,
RM556,29,26-35,Travel_Rarely,Sales,10,3,Marketing,Male,Sales Representative,2,Divorced,15k,No,14,,,,
RM573,29,26-35,Travel_Rarely,Research & Development,27,3,Medical,Female,Healthcare Representative,3,Married,15k,No,12,,,,
RM590,29,26-35,Travel_Rarely,Research & Development,1,2,Life Sciences,Female,Laboratory Technician,1,Married,15k,Yes,11,,,,
RM595,29,26-35,Travel_Rarely,Research & Development,23,2,Life Sciences,Male,Research Scientist,3,Married,15k,No,24,,,,
RM646,29,26-35,Travel_Rarely,Sales,1,3,Medical,Female,Sales Representative,3,Divorced,15k,Yes,19,,,,
RM658,29,26-35,Travel_Rarely,Research & Development,7,1,Medical,Female,Laboratory Technician,4,Divorced,15k,No,14,,,,
RM698,29,26-35,Travel_Frequently,Sales,20,3,Technical Degree,Female,Sales Representative,4,Married,15k,No,15,,,,
RM712,29,26-35,Travel_Rarely,Research & Development,10,3,Life Sciences,Female,Research Scientist,1,Single,15k,Yes,20,,,,
RM809,29,26-35,Travel_Rarely,Research & Development,28,4,Life Sciences,Female,Research Scientist,4,Divorced,15k,No,22,,,,
RM824,29,26-35,Travel_Frequently,Research & Development,10,3,Life Sciences,Female,Research Scientist,2,Divorced,15k,No,14,,,,
RM826,29,26-35,Travel_Rarely,Research & Development,8,1,Medical,Male,Manufacturing Director,4,Married,15k,Yes,15,,,,
RM837,29,26-35,Travel_Rarely,Sales,23,1,Life Sciences,Female,Sales Executive,1,Married,15k,No,13,,,,
RM853,29,26-35,Travel_Rarely,Research & Development,6,1,Medical,Female,Laboratory Technician,4,Married,15k,No,13,,,,
RM860,29,26-35,Travel_Rarely,Research & Development,15,1,Life Sciences,Female,Research Scientist,4,Married,15k,Yes,18,,,,
RM894,29,26-35,Travel_Rarely,Research & Development,1,3,Life Sciences,Female,Research Scientist,4,Divorced,15k,No,15,,,,
RM904,29,26-35,Travel_Rarely,Research & Development,7,3,Life Sciences,Male,Healthcare Representative,4,Divorced,15k,Yes,11,,,,
RM906,29,26-35,Travel_Rarely,Research & Development,1,3,Life Sciences,Female,Research Director,4,Divorced,15k,No,14,,,,
RM933,29,26-35,Travel_Rarely,Research & Development,7,3,Technical Degree,Female,Laboratory Technician,3,Divorced,15k,Yes,13,,,,
RM1006,29,26-35,Travel_Rarely,Human Resources,17,3,Other,Male,Human Resources,1,Single,15k,No,13,,,,
RM1008,29,26-35,Travel_Frequently,Research & Development,14,1,Other,Female,Healthcare Representative,4,Single,15k,Yes,12,,,,
RM1058,29,26-35,Travel_Frequently,Sales,13,3,Technical Degree,Female,Sales Executive,2,Single,15k,No,11,,,,
RM1064,29,26-35,Travel_Rarely,Sales,19,3,Life Sciences,Male,Sales Executive,3,Divorced,15k,No,14,,,,
RM1073,29,26-35,Travel_Frequently,Research & Development,2,1,Life Sciences,Female,Laboratory Technician,2,Married,15k,No,13,,,,
RM1078,29,26-35,Travel_Rarely,Research & Development,1,4,Technical Degree,Male,Research Scientist,1,Single,15k,No,13,,,,
RM1091,29,26-35,Travel_Rarely,Research & Development,8,1,Other,Female,Healthcare Representative,1,Married,15k,No,13,,,,
RM1105,29,26-35,Travel_Rarely,Research & Development,9,3,Life Sciences,Male,Research Scientist,3,Married,15k,No,18,,,,
RM1123,29,26-35,Travel_Rarely,Research & Development,3,1,Medical,Male,Laboratory Technician,1,Single,15k,Yes,18,,,,
RM1126,29,26-35,Travel_Frequently,Research & Development,2,1,Life Sciences,Male,Healthcare Representative,4,Divorced,15k,No,19,,,,
RM1173,29,26-35,Travel_Rarely,Sales,10,3,Medical,Male,Sales Executive,3,Single,15k,No,11,,,,
RM1189,29,26-35,Travel_Rarely,Sales,5,3,Medical,Male,Sales Executive,2,Divorced,15k,Yes,13,,,,
RM1220,29,26-35,Travel_Rarely,Research & Development,9,4,Medical,Female,Laboratory Technician,3,Married,15k,No,17,,,,
RM1250,29,26-35,Travel_Rarely,Sales,9,3,Marketing,Female,Sales Representative,2,Single,15k,No,13,,,,
RM1251,29,26-35,Travel_Frequently,Research & Development,1,3,Life Sciences,Male,Healthcare Representative,3,Single,15k,Yes,12,,,,
RM1259,29,26-35,Travel_Rarely,Research & Development,4,3,Technical Degree,Female,Research Scientist,1,Divorced,15k,No,13,,,,
RM1314,29,26-35,Travel_Rarely,Human Resources,13,3,Human Resources,Male,Human Resources,1,Divorced,15k,Yes,15,,,,
RM1319,29,26-35,Travel_Frequently,Research & Development,20,1,Medical,Male,Laboratory Technician,4,Married,15k,No,13,,,,
RM1325,29,26-35,Travel_Rarely,Research & Development,29,1,Life Sciences,Male,Healthcare Representative,3,Divorced,15k,No,17,,,,
RM1330,29,26-35,TravelRarely,Human Resources,6,1,Medical,Male,Human Resources,2,Married,19k,No,11,,,,
RM1333,29,26-35,Travel_Frequently,Research & Development,24,2,Life Sciences,Male,Research Scientist,4,Single,19k,Yes,24,,,,
RM1344,29,26-35,Travel_Rarely,Research & Development,7,3,Life Sciences,Male,Laboratory Technician,1,Single,19k,No,14,,,,
RM1366,29,26-35,Travel_Frequently,Sales,24,3,Technical Degree,Male,Sales Representative,1,Single,19k,No,17,,,,
RM1388,29,26-35,Travel_Rarely,Research & Development,1,3,Life Sciences,Male,Healthcare Representative,1,Married,19k,No,12,,,,
RM1443,29,26-35,Travel_Rarely,Research & Development,1,4,Medical,Male,Research Scientist,4,Married,19k,Yes,14,,,,
RM1460,29,26-35,Travel_Rarely,Research & Development,13,2,Other,Male,Laboratory Technician,2,Married,19k,Yes,13,,,,
RM1461,29,26-35,Travel_Rarely,Research & Development,28,4,Medical,Female,Research Scientist,1,Single,19k,No,14,,,,
RM1461,29,26-35,Travel_Rarely,Research & Development,28,4,Medical,Female,Research Scientist,1,Single,19k,No,14,,,,
RM008,30,26-35,Travel_Rarely,Research & Development,24,1,Life Sciences,Male,Laboratory Technician,3,Divorced,19k,No,22,,,,
RM033,30,26-35,Travel_Rarely,Research & Development,9,2,Medical,Male,Laboratory Technician,3,Single,19k,No,13,,,,
RM045,30,26-35,Travel_Frequently,Research & Development,1,2,Medical,Female,Laboratory Technician,4,Single,19k,No,23,,,,
RM081,30,26-35,Travel_Rarely,Research & Development,1,1,Life Sciences,Male,Laboratory Technician,4,Married,19k,Yes,12,,,,
RM089,30,26-35,Travel_Rarely,Research & Development,2,3,Life Sciences,Male,Healthcare Representative,4,Married,19k,No,19,,,,
RM093,30,26-35,Travel_Rarely,Sales,4,2,Medical,Female,Sales Executive,2,Divorced,19k,Yes,12,,,,
RM121,30,26-35,Travel_Frequently,Research & Development,23,3,Life Sciences,Male,Research Scientist,3,Divorced,19k,No,25,,,,
RM140,30,26-35,Travel_Rarely,Human Resources,9,3,Human Resources,Male,Human Resources,4,Married,19k,Yes,19,,,,
RM144,30,26-35,Travel_Rarely,Research & Development,18,3,Life Sciences,Female,Research Scientist,3,Single,19k,No,14,,,,
RM146,30,26-35,Travel_Rarely,Research & Development,5,3,Technical Degree,Female,Research Scientist,1,Divorced,19k,No,14,,,,
RM147,30,26-35,Travel_Rarely,Research & Development,2,1,Medical,Male,Laboratory Technician,4,Single,19k,No,13,,,,
RM168,30,26-35,Travel_Rarely,Sales,5,3,Life Sciences,Female,Sales Executive,4,Married,19k,No,12,,,,
RM174,30,26-35,Non-Travel,Research & Development,9,3,Medical,Male,Laboratory Technician,1,Divorced,19k,No,11,,,,
RM212,30,26-35,Non-Travel,Research & Development,1,1,Life Sciences,Male,Manufacturing Director,3,Single,19k,No,22,,,,
RM215,30,26-35,Travel_Rarely,Research & Development,3,3,Technical Degree,Female,Research Scientist,1,Single,19k,Yes,11,,,,
RM217,30,26-35,Travel_Frequently,Sales,26,4,Marketing,Female,Sales Executive,1,Single,19k,No,15,,,,
RM325,30,26-35,Travel_Rarely,Research & Development,28,2,Medical,Female,Research Scientist,4,Married,19k,No,13,,,,
RM339,30,26-35,Travel_Rarely,Sales,5,3,Marketing,Female,Sales Executive,3,Divorced,19k,No,13,,,,
RM355,30,26-35,Non-Travel,Sales,25,2,Technical Degree,Female,Sales Executive,3,Married,19k,Yes,12,,,,
RM382,30,26-35,Travel_Rarely,Sales,2,1,Technical Degree,Male,Sales Representative,2,Married,19k,No,18,,,,
RM386,30,26-35,Travel_Frequently,Research & Development,4,3,Technical Degree,Male,Research Scientist,4,Single,19k,Yes,23,,,,
RM403,30,26-35,Travel_Rarely,Sales,12,3,Technical Degree,Female,Sales Executive,3,Single,19k,No,11,,,,
RM411,30,26-35,Travel_Rarely,Research & Development,2,3,Life Sciences,Female,Manufacturing Director,4,Single,19k,No,20,,,,
RM420,30,26-35,Non-Travel,Research & Development,3,3,Life Sciences,Male,Laboratory Technician,4,Married,19k,No,15,,,,
RM424,30,26-35,Non-Travel,Sales,22,4,Other,Female,Sales Executive,1,Married,19k,No,11,,,,
RM427,30,26-35,Non-Travel,Research & Development,2,3,Medical,Female,Laboratory Technician,4,Single,19k,No,14,,,,
RM438,30,26-35,Travel_Rarely,Sales,7,1,Marketing,Male,Sales Representative,2,Single,19k,No,14,,,,
RM481,30,26-35,Travel_Frequently,Sales,12,4,Life Sciences,Male,Sales Representative,1,Married,19k,No,18,,,,
RM502,30,26-35,Travel_Frequently,Research & Development,3,3,Medical,Female,Research Scientist,3,Divorced,19k,No,20,,,,
RM546,30,26-35,Travel_Rarely,Sales,27,5,Marketing,Male,Sales Executive,4,Divorced,19k,No,23,,,,
RM582,30,26-35,Travel_Rarely,Research & Development,1,3,Life Sciences,Male,Laboratory Technician,3,Married,19k,No,21,,,,
RM603,30,26-35,Travel_Rarely,Research & Development,2,3,Medical,Female,Manufacturing Director,4,Single,19k,Yes,24,,,,
RM624,30,26-35,Travel_Frequently,Research & Development,5,4,Life Sciences,Male,Research Scientist,4,Divorced,19k,No,12,,,,
RM703,30,26-35,Travel_Rarely,Sales,8,2,Other,Male,Sales Executive,3,Divorced,19k,No,11,,,,
RM721,30,26-35,Travel_Rarely,Research & Development,22,3,Life Sciences,Female,Research Scientist,3,Married,19k,Yes,11,,,,
RM731,30,26-35,Travel_Rarely,Research & Development,8,2,Life Sciences,Female,Research Director,1,Married,19k,Yes,12,,,,
RM733,30,26-35,Travel_Frequently,Research & Development,5,3,Medical,Female,Laboratory Technician,2,Single,19k,No,17,,,,
RM783,30,26-35,Travel_Rarely,Research & Development,20,3,Other,Male,Manufacturing Director,1,Married,19k,No,15,,,,
RM845,30,26-35,Travel_Rarely,Sales,10,3,Marketing,Male,Sales Executive,3,Married,19k,No,18,,,,
RM866,30,26-35,Travel_Rarely,Sales,29,4,Life Sciences,Male,Sales Executive,1,Divorced,19k,No,19,,,,
RM875,30,26-35,Travel_Rarely,Research & Development,7,4,Life Sciences,Male,Laboratory Technician,3,Divorced,19k,No,13,,,,
RM887,30,26-35,Travel_Rarely,Research & Development,1,3,Medical,Male,Research Scientist,2,Married,19k,Yes,21,,,,
RM932,30,26-35,Non-Travel,Research & Development,9,2,Medical,Female,Manufacturing Director,3,Single,19k,Yes,18,,,,
RM942,30,26-35,Travel_Rarely,Research & Development,6,3,Technical Degree,Female,Laboratory Technician,4,Married,19k,No,12,,,,
RM949,30,26-35,Travel_Rarely,Research & Development,17,4,Medical,Female,Manager,1,Married,19k,Yes,23,,,,
RM1014,30,26-35,Travel_Rarely,Sales,7,4,Marketing,Female,Sales Executive,1,Divorced,19k,No,14,,,,
RM1050,30,26-35,Travel_Rarely,Sales,16,1,Life Sciences,Male,Sales Executive,3,Married,19k,No,15,,,,
RM1053,30,26-35,Non-Travel,Research & Development,7,3,Technical Degree,Male,Research Scientist,3,Divorced,19k,No,13,,,,
RM1065,30,26-35,Travel_Rarely,Human Resources,1,3,Life Sciences,Male,Human Resources,3,Divorced,19k,No,21,,,,
RM1107,30,26-35,Travel_Rarely,Sales,1,3,Life Sciences,Male,Sales Executive,1,Married,19k,No,11,,,,
RM1110,30,26-35,Travel_Rarely,Sales,29,4,Technical Degree,Male,Sales Executive,2,Married,19k,No,12,,,,
RM1142,30,26-35,Travel_Rarely,Research & Development,7,3,Medical,Male,Research Scientist,2,Married,19k,No,12,,,,
RM1234,30,26-35,Travel_Rarely,Research & Development,16,1,Life Sciences,Male,Research Scientist,4,Married,19k,No,12,,,,
RM1245,30,26-35,Travel_Frequently,Research & Development,2,4,Technical Degree,Female,Research Scientist,1,Single,19k,No,16,,,,
RM1247,30,26-35,Travel_Frequently,Human Resources,8,3,Human Resources,Female,Human Resources,4,Divorced,19k,No,11,,,,
RM1252,30,26-35,Travel_Rarely,Sales,15,2,Marketing,Male,Sales Executive,1,Divorced,19k,No,11,,,,
RM1260,30,26-35,Travel_Rarely,Research & Development,16,3,Life Sciences,Male,Healthcare Representative,3,Married,19k,No,16,,,,
RM1297,30,26-35,Travel_Rarely,Research & Development,10,3,Medical,Female,Manufacturing Director,3,Single,19k,No,14,,,,
RM1339,30,26-35,Travel_Rarely,Sales,9,3,Medical,Male,Sales Representative,4,Single,19k,No,13,,,,
RM1413,30,26-35,Travel_Rarely,Research & Development,1,2,Medical,Male,Laboratory Technician,2,Married,19k,No,13,,,,
RM013,31,26-35,Travel_Rarely,Research & Development,26,1,Life Sciences,Male,Research Scientist,3,Divorced,19k,No,17,,,,
RM059,31,26-35,Travel_Rarely,Research & Development,7,4,Life Sciences,Male,Laboratory Technician,4,Divorced,19k,No,22,,,,
RM073,31,26-35,Travel_Rarely,Research & Development,1,4,Medical,Male,Research Scientist,2,Single,19k,No,17,,,,
RM076,31,26-35,Travel_Rarely,Research & Development,8,4,Life Sciences,Female,Manufacturing Director,4,Single,19k,No,23,,,,
RM125,31,26-35,Travel_Rarely,Sales,6,4,Life Sciences,Male,Sales Executive,3,Married,19k,Yes,18,,,,
RM133,31,26-35,Travel_Rarely,Sales,20,3,Life Sciences,Female,Sales Executive,3,Married,19k,Yes,11,,,,
RM181,31,26-35,Travel_Rarely,Research & Development,12,1,Medical,Female,Research Scientist,4,Married,19k,Yes,23,,,,
RM225,31,26-35,Non-Travel,Research & Development,1,4,Medical,Male,Manufacturing Director,3,Married,19k,No,12,,,,
RM246,31,26-35,Travel_Frequently,Research & Development,3,4,Medical,Male,Research Director,3,Divorced,19k,No,12,,,,
RM260,31,26-35,Travel_Frequently,Research & Development,29,2,Medical,Male,Laboratory Technician,2,Single,19k,No,11,,,,
RM267,31,26-35,Travel_Rarely,Research & Development,23,3,Medical,Male,Healthcare Representative,4,Married,19k,No,21,,,,
RM293,31,26-35,Travel_Frequently,Sales,5,3,Marketing,Female,Sales Representative,2,Divorced,19k,No,11,,,,
RM304,31,26-35,Travel_Rarely,Sales,7,3,Technical Degree,Male,Sales Executive,4,Married,19k,No,11,,,,
RM310,31,26-35,Travel_Rarely,Research & Development,5,4,Technical Degree,Male,Research Scientist,4,Married,19k,Yes,12,,,,
RM311,31,26-35,Travel_Rarely,Human Resources,2,3,Human Resources,Male,Human Resources,1,Married,19k,No,12,,,,
RM313,31,26-35,Travel_Rarely,Research & Development,2,4,Life Sciences,Male,Research Scientist,4,Divorced,19k,Yes,18,,,,
RM322,31,26-35,Travel_Rarely,Sales,7,3,Marketing,Male,Sales Executive,4,Divorced,19k,No,12,,,,
RM326,31,26-35,Travel_Frequently,Research & Development,7,2,Life Sciences,Female,Manufacturing Director,3,Married,19k,No,24,,,,
RM343,31,26-35,Travel_Rarely,Research & Development,7,4,Medical,Female,Manufacturing Director,4,Single,19k,Yes,14,,,,
RM370,31,26-35,Travel_Rarely,Research & Development,9,4,Life Sciences,Male,Research Scientist,2,Single,19k,Yes,16,,,,
RM395,31,26-35,Travel_Rarely,Research & Development,7,2,Medical,Female,Manufacturing Director,1,Married,19k,No,12,,,,
RM400,31,26-35,Travel_Rarely,Research & Development,1,2,Life Sciences,Male,Laboratory Technician,1,Married,19k,No,12,,,,
RM435,31,26-35,Travel_Rarely,Research & Development,9,1,Life Sciences,Male,Manufacturing Director,2,Divorced,19k,No,25,,,,
RM440,31,26-35,Travel_Frequently,Research & Development,20,3,Life Sciences,Male,Healthcare Representative,3,Married,19k,No,12,,,,
RM451,31,26-35,Travel_Rarely,Sales,2,1,Life Sciences,Male,Sales Executive,4,Single,19k,Yes,13,,,,
RM457,31,26-35,Travel_Rarely,Sales,7,3,Life Sciences,Male,Manager,4,Divorced,19k,No,21,,,,
RM483,31,26-35,Travel_Rarely,Sales,13,4,Medical,Male,Sales Executive,1,Divorced,19k,No,17,,,,
RM485,31,26-35,Travel_Rarely,Sales,6,4,Medical,Male,Sales Executive,4,Divorced,19k,No,22,,,,
RM645,31,26-35,Travel_Rarely,Research & Development,11,4,Life Sciences,Male,Research Scientist,4,Married,19k,Yes,19,,,,
RM676,31,26-35,Travel_Rarely,Sales,7,4,Life Sciences,Male,Sales Representative,3,Married,19k,No,15,,,,
RM680,31,26-35,Non-Travel,Sales,20,2,Marketing,Female,Sales Executive,3,Married,19k,No,13,,,,
RM691,31,26-35,Travel_Rarely,Research & Development,12,3,Medical,Female,Healthcare Representative,4,Married,19k,Yes,11,,,,
RM710,31,26-35,Non-Travel,Research & Development,9,2,Medical,Male,Research Scientist,1,Single,19k,Yes,22,,,,
RM727,31,26-35,Travel_Frequently,Research & Development,1,1,Life Sciences,Female,Manufacturing Director,1,Married,19k,No,12,,,,
RM819,31,26-35,Travel_Frequently,Sales,20,3,Life Sciences,Male,Sales Representative,4,Married,19k,No,12,,,,
RM832,31,26-35,Travel_Frequently,Research & Development,15,3,Medical,Male,Laboratory Technician,3,Married,19k,No,12,,,,
RM896,31,26-35,Travel_Rarely,Research & Development,11,2,Medical,Male,Healthcare Representative,1,Married,19k,Yes,12,,,,
RM897,31,26-35,Travel_Rarely,Research & Development,24,3,Medical,Female,Healthcare Representative,1,Single,19k,No,19,,,,
RM951,31,26-35,Non-Travel,Sales,2,4,Life Sciences,Female,Sales Executive,3,Divorced,19k,Yes,19,,,,
RM953,31,26-35,Travel_Frequently,Sales,1,3,Life Sciences,Female,Sales Representative,2,Single,19k,Yes,11,,,,
RM981,31,26-35,Travel_Frequently,Sales,2,3,Life Sciences,Female,Sales Representative,4,Single,19k,No,14,,,,
RM986,31,26-35,Travel_Rarely,Research & Development,22,4,Medical,Male,Manufacturing Director,3,Married,19k,Yes,15,,,,
RM1013,31,26-35,Travel_Frequently,Sales,1,4,Life Sciences,Female,Sales Representative,3,Single,19k,No,12,,,,
RM1015,31,26-35,Travel_Rarely,Research & Development,8,5,Life Sciences,Female,Research Director,2,Single,19k,No,11,,,,
RM1017,31,26-35,Travel_Rarely,Research & Development,8,3,Life Sciences,Female,Research Scientist,2,Single,19k,No,12,,,,
RM1031,31,26-35,Travel_Rarely,Sales,8,2,Life Sciences,Male,Sales Executive,4,Divorced,19k,No,18,,,,
RM1034,31,26-35,Travel_Frequently,Research & Development,1,5,Life Sciences,Female,Manufacturing Director,2,Single,19k,No,11,,,,
RM1036,31,26-35,Travel_Rarely,Human Resources,8,2,Medical,Female,Human Resources,2,Single,19k,No,18,,,,
RM1037,31,26-35,Travel_Frequently,Research & Development,2,3,Life Sciences,Male,Laboratory Technician,4,Married,19k,Yes,13,,,,
RM1086,31,26-35,Travel_Frequently,Research & Development,3,3,Life Sciences,Female,Research Scientist,3,Single,19k,No,12,,,,
RM1145,31,26-35,Travel_Frequently,Sales,2,4,Other,Male,Sales Executive,1,Single,19k,No,13,,,,
RM1192,31,26-35,Travel_Rarely,Sales,5,4,Life Sciences,Female,Sales Executive,4,Married,19k,No,11,,,,
RM1228,31,26-35,Travel_Rarely,Research & Development,2,4,Life Sciences,Male,Laboratory Technician,3,Married,19k,No,14,,,,
RM1240,31,26-35,Travel_Frequently,Research & Development,24,1,Technical Degree,Female,Manufacturing Director,4,Single,19k,No,20,,,,
RM1248,31,26-35,Travel_Rarely,Sales,5,3,Technical Degree,Male,Sales Executive,3,Married,19k,No,19,,,,
RM1258,31,26-35,Travel_Rarely,Sales,16,4,Marketing,Male,Sales Executive,3,Married,19k,No,13,,,,
RM1275,31,26-35,Travel_Rarely,Sales,29,4,Marketing,Female,Sales Executive,4,Married,19k,No,14,,,,
RM1307,31,26-35,Travel_Frequently,Sales,7,4,Marketing,Female,Sales Executive,1,Married,19k,No,14,,,,
RM1313,31,26-35,Travel_Rarely,Human Resources,18,5,Human Resources,Male,Human Resources,1,Married,19k,No,17,,,,
RM1342,31,26-35,Travel_Rarely,Research & Development,20,3,Life Sciences,Male,Laboratory Technician,3,Divorced,19k,No,11,,,,
RM1359,31,26-35,Travel_Rarely,Sales,10,2,Medical,Female,Sales Executive,4,Divorced,19k,Yes,11,,,,
RM1361,31,26-35,Travel_Rarely,Research & Development,4,3,Medical,Female,Laboratory Technician,3,Divorced,19k,No,12,,,,
RM1383,31,26-35,Non-Travel,Research & Development,3,2,Medical,Male,Research Scientist,1,Divorced,19k,Yes,13,,,,
RM1390,31,26-35,Travel_Frequently,Research & Development,1,3,Life Sciences,Male,Research Scientist,1,Married,19k,No,21,,,,
RM1396,31,26-35,Travel_Frequently,Sales,26,4,Marketing,Male,Sales Executive,4,Married,19k,Yes,11,,,,
RM1403,31,26-35,Travel_Rarely,Research & Development,2,1,Medical,Female,Laboratory Technician,4,Divorced,19k,Yes,11,,,,
RM1406,31,26-35,Non-Travel,Research & Development,10,3,Medical,Female,Research Director,3,Married,19k,No,20,,,,
RM1418,31,26-35,Travel_Rarely,Sales,2,2,Life Sciences,Male,Sales Representative,3,Married,19k,No,19,,,,
RM1464,31,26-35,Non-Travel,Research & Development,5,3,Medical,Male,Manufacturing Director,1,Single,19k,No,19,,,,
RM1464,31,26-35,Non-Travel,Research & Development,5,3,Medical,Male,Manufacturing Director,1,Single,19k,No,19,,,,
RM006,32,26-35,Travel_Frequently,Research & Development,2,2,Life Sciences,Male,Laboratory Technician,4,Single,19k,No,13,,,,
RM017,32,26-35,Travel_Rarely,Research & Development,5,2,Life Sciences,Male,Research Scientist,2,Divorced,19k,Yes,12,,,,
RM027,32,26-35,Travel_Frequently,Research & Development,16,1,Life Sciences,Female,Research Scientist,1,Single,19k,Yes,22,,,,
RM061,32,26-35,Travel_Rarely,Research & Development,1,3,Medical,Male,Manufacturing Director,4,Married,19k,Yes,22,,,,
RM074,32,26-35,Travel_Rarely,Research & Development,1,3,Life Sciences,Male,Research Scientist,2,Married,19k,No,17,,,,
RM095,32,26-35,Travel_Rarely,Sales,6,4,Medical,Male,Sales Executive,3,Single,19k,No,16,,,,
RM102,32,26-35,Travel_Rarely,Research & Development,1,1,Life Sciences,Male,Research Scientist,1,Single,19k,No,13,,,,
RM141,32,26-35,Travel_Rarely,Research & Development,9,3,Medical,Female,Laboratory Technician,1,Single,19k,No,22,,,,
RM145,32,26-35,Travel_Frequently,Sales,9,2,Medical,Male,Sales Executive,4,Divorced,19k,No,17,,,,
RM155,32,26-35,Travel_Frequently,Sales,8,3,Marketing,Female,Sales Executive,4,Single,19k,No,14,,,,
RM170,32,26-35,Travel_Rarely,Research & Development,6,5,Life Sciences,Male,Research Scientist,3,Single,19k,No,20,,,,
RM211,32,26-35,Travel_Rarely,Sales,4,4,Medical,Male,Sales Executive,4,Married,19k,No,11,,,,
RM239,32,26-35,Travel_Rarely,Sales,4,2,Life Sciences,Female,Sales Representative,2,Married,19k,No,11,,,,
RM240,32,26-35,Travel_Rarely,Research & Development,1,3,Life Sciences,Male,Laboratory Technician,3,Single,19k,Yes,14,,,,
RM242,32,26-35,Non-Travel,Sales,26,4,Marketing,Male,Sales Executive,4,Married,19k,No,18,,,,
RM261,32,26-35,Travel_Frequently,Research & Development,7,3,Life Sciences,Male,Laboratory Technician,2,Married,19k,No,20,,,,
RM263,32,26-35,Travel_Rarely,Research & Development,2,1,Technical Degree,Male,Laboratory Technician,1,Single,19k,No,13,,,,
RM307,32,26-35,Travel_Rarely,Sales,7,3,Life Sciences,Male,Sales Executive,3,Married,19k,No,14,,,,
RM320,32,26-35,Travel_Rarely,Sales,8,2,Technical Degree,Female,Sales Executive,2,Married,19k,Yes,11,,,,
RM323,32,26-35,Travel_Rarely,Research & Development,2,4,Medical,Female,Research Scientist,4,Single,19k,No,16,,,,
RM352,32,26-35,Travel_Rarely,Research & Development,2,3,Medical,Female,Laboratory Technician,2,Married,19k,No,13,,,,
RM470,32,26-35,Non-Travel,Sales,11,4,Other,Male,Sales Executive,3,Married,19k,No,12,,,,
RM501,32,26-35,Travel_Rarely,Research & Development,9,4,Life Sciences,Female,Research Scientist,4,Married,19k,Yes,12,,,,
RM528,32,26-35,Travel_Rarely,Sales,10,3,Marketing,Male,Sales Executive,4,Single,19k,No,12,,,,
RM532,32,26-35,Travel_Rarely,Research & Development,3,2,Life Sciences,Female,Research Director,4,Single,19k,No,15,,,,
RM559,32,26-35,Travel_Frequently,Research & Development,24,4,Life Sciences,Male,Laboratory Technician,4,Married,19k,No,15,,,,
RM601,32,26-35,Travel_Rarely,Research & Development,4,3,Life Sciences,Female,Manufacturing Director,3,Married,19k,No,12,,,,
RM623,32,26-35,Travel_Rarely,Sales,13,4,Life Sciences,Male,Sales Executive,4,Divorced,19k,No,11,,,,
RM627,32,26-35,Travel_Rarely,Research & Development,8,2,Medical,Female,Research Scientist,3,Married,19k,No,12,,,,
RM638,32,26-35,Non-Travel,Research & Development,1,3,Life Sciences,Male,Laboratory Technician,4,Divorced,19k,No,12,,,,
RM642,32,26-35,Travel_Frequently,Sales,5,2,Life Sciences,Male,Sales Executive,2,Married,19k,No,14,,,,
RM657,32,26-35,Travel_Rarely,Research & Development,25,4,Life Sciences,Male,Laboratory Technician,4,Single,19k,Yes,24,,,,
RM683,32,26-35,Non-Travel,Research & Development,1,3,Life Sciences,Female,Laboratory Technician,2,Married,19k,No,20,,,,
RM693,32,26-35,Travel_Rarely,Research & Development,3,4,Medical,Female,Manufacturing Director,1,Married,19k,No,12,,,,
RM757,32,26-35,Non-Travel,Research & Development,29,4,Medical,Female,Laboratory Technician,3,Single,19k,No,12,,,,
RM851,32,26-35,Non-Travel,Sales,2,1,Life Sciences,Female,Sales Representative,1,Divorced,19k,No,12,,,,
RM881,32,26-35,Travel_Frequently,Research & Development,13,3,Other,Female,Laboratory Technician,2,Married,19k,No,20,,,,
RM882,32,26-35,Travel_Frequently,Research & Development,2,2,Life Sciences,Female,Research Scientist,3,Single,19k,Yes,14,,,,
RM936,32,26-35,Travel_Rarely,Sales,8,3,Medical,Male,Sales Executive,4,Married,19k,No,15,,,,
RM940,32,26-35,Travel_Rarely,Research & Development,7,2,Life Sciences,Male,Laboratory Technician,3,Married,19k,No,18,,,,
RM992,32,26-35,Travel_Rarely,Sales,2,1,Marketing,Male,Sales Executive,2,Married,19k,Yes,13,,,,
RM1027,32,26-35,Travel_Rarely,Sales,7,5,Marketing,Male,Sales Executive,4,Married,19k,No,12,,,,
RM1076,32,26-35,Travel_Rarely,Research & Development,10,3,Medical,Male,Manager,4,Single,19k,No,25,,,,
RM1102,32,26-35,Travel_Rarely,Research & Development,5,2,Life Sciences,Female,Research Scientist,2,Married,19k,No,12,,,,
RM1114,32,26-35,Non-Travel,Research & Development,1,4,Technical Degree,Male,Research Scientist,1,Married,19k,No,14,,,,
RM1140,32,26-35,Travel_Rarely,Research & Development,5,4,Other,Female,Research Scientist,4,Married,19k,No,17,,,,
RM1191,32,26-35,Travel_Rarely,Research & Development,2,3,Medical,Male,Research Scientist,2,Divorced,19k,No,13,,,,
RM1206,32,26-35,Travel_Rarely,Research & Development,2,4,Life Sciences,Male,Laboratory Technician,2,Single,19k,No,12,,,,
RM1227,32,26-35,Travel_Frequently,Research & Development,10,3,Life Sciences,Male,Research Scientist,3,Married,19k,No,13,,,,
RM1238,32,26-35,Travel_Rarely,Sales,1,2,Life Sciences,Male,Sales Executive,2,Single,19k,No,15,,,,
RM1242,32,26-35,Travel_Rarely,Sales,19,3,Life Sciences,Male,Sales Executive,3,Married,19k,No,13,,,,
RM1261,32,26-35,Non-Travel,Research & Development,5,4,Technical Degree,Male,Research Scientist,2,Single,19k,No,14,,,,
RM1320,32,26-35,Travel_Frequently,Sales,10,4,Marketing,Male,Sales Executive,4,Single,19k,No,13,,,,
RM1327,32,26-35,Travel_Rarely,Sales,2,4,Marketing,Male,Sales Executive,2,Single,19k,Yes,12,,,,
RM1376,32,26-35,Travel_Frequently,Research & Development,5,2,Life Sciences,Female,Research Scientist,3,Single,19k,Yes,14,,,,
RM1389,32,26-35,Non-Travel,Research & Development,15,4,Medical,Female,Healthcare Representative,4,Divorced,19k,No,18,,,,
RM1395,32,26-35,Travel_Rarely,Research & Development,5,4,Life Sciences,Male,Manufacturing Director,4,Single,19k,No,24,,,,
RM1427,32,26-35,Travel_Rarely,Research & Development,29,4,Life Sciences,Female,Laboratory Technician,2,Single,19k,No,13,,,,
RM1429,32,26-35,Travel_Rarely,Sales,1,4,Medical,Male,Sales Representative,2,Married,19k,No,14,,,,
RM1432,32,26-35,Travel_Rarely,Sales,1,4,Marketing,Female,Sales Executive,4,Married,19k,No,19,,,,
RM1450,32,26-35,Travel_Rarely,Research & Development,2,3,Technical Degree,Male,Research Scientist,1,Single,19k,No,14,,,,
RM004,33,26-35,Travel_Frequently,Research & Development,3,4,Life Sciences,Female,Research Scientist,3,Married,19k,Yes,11,,,,
RM031,33,26-35,Travel_Rarely,Research & Development,2,3,Medical,Male,Laboratory Technician,4,Single,19k,No,11,,,,
RM040,33,26-35,Travel_Frequently,Sales,1,3,Life Sciences,Female,Sales Executive,1,Married,19k,No,19,,,,
RM056,33,26-35,Travel_Frequently,Research & Development,1,2,Life Sciences,Female,Research Director,4,Single,19k,Yes,12,,,,
RM122,33,26-35,Non-Travel,Sales,22,2,Marketing,Male,Sales Executive,2,Married,19k,No,13,,,,
RM177,33,26-35,Travel_Rarely,Research & Development,2,3,Life Sciences,Male,Research Scientist,4,Single,19k,No,14,,,,
RM186,33,26-35,Travel_Rarely,Research & Development,14,3,Medical,Female,Research Scientist,2,Married,19k,No,13,,,,
RM222,33,26-35,Travel_Rarely,Research & Development,4,4,Medical,Female,Research Scientist,2,Married,19k,No,21,,,,
RM235,33,26-35,Travel_Rarely,Research & Development,14,3,Medical,Male,Laboratory Technician,4,Married,19k,Yes,13,,,,
RM237,33,26-35,Travel_Rarely,Research & Development,2,2,Life Sciences,Female,Laboratory Technician,1,Married,19k,No,20,,,,
RM247,33,26-35,Travel_Rarely,Research & Development,5,4,Life Sciences,Female,Research Scientist,4,Married,19k,No,13,,,,
RM314,33,26-35,Travel_Frequently,Research & Development,5,4,Life Sciences,Female,Manager,2,Married,19k,No,11,,,,
RM329,33,26-35,Travel_Frequently,Sales,10,3,Marketing,Male,Sales Executive,4,Single,19k,No,14,,,,
RM364,33,26-35,Travel_Rarely,Sales,5,3,Marketing,Female,Sales Representative,3,Single,19k,Yes,13,,,,
RM436,33,26-35,Travel_Rarely,Research & Development,15,1,Medical,Male,Manager,3,Married,19k,Yes,12,,,,
RM437,33,26-35,Travel_Rarely,Research & Development,10,1,Medical,Male,Laboratory Technician,4,Divorced,19k,No,13,,,,
RM456,33,26-35,Travel_Rarely,Research & Development,1,5,Medical,Female,Research Director,3,Divorced,19k,No,19,,,,
RM500,33,26-35,Travel_Rarely,Sales,8,4,Marketing,Male,Sales Executive,3,Divorced,19k,No,12,,,,
RM510,33,26-35,Travel_Frequently,Research & Development,6,3,Life Sciences,Male,Healthcare Representative,4,Divorced,19k,No,23,,,,
RM515,33,26-35,Travel_Frequently,Research & Development,3,3,Life Sciences,Male,Research Scientist,1,Single,19k,Yes,11,,,,
RM563,33,26-35,Travel_Rarely,Research & Development,1,4,Other,Male,Research Scientist,4,Single,19k,Yes,13,,,,
RM591,33,26-35,Travel_Rarely,Research & Development,7,3,Medical,Male,Research Director,3,Married,19k,No,11,,,,
RM592,33,26-35,Travel_Rarely,Sales,16,3,Marketing,Female,Sales Executive,1,Single,19k,No,15,,,,
RM620,33,26-35,Travel_Rarely,Sales,1,3,Medical,Male,Sales Executive,1,Divorced,19k,No,22,,,,
RM656,33,26-35,Travel_Rarely,Human Resources,3,2,Human Resources,Male,Human Resources,2,Divorced,19k,Yes,11,,,,
RM674,33,26-35,Travel_Rarely,Research & Development,1,4,Other,Male,Research Scientist,1,Single,19k,Yes,11,,,,
RM695,33,26-35,Travel_Rarely,Research & Development,1,3,Life Sciences,Female,Healthcare Representative,4,Single,19k,No,14,,,,
RM711,33,26-35,Non-Travel,Sales,17,3,Life Sciences,Male,Manager,3,Single,19k,No,11,,,,
RM713,33,26-35,Travel_Rarely,Research & Development,13,1,Life Sciences,Female,Research Scientist,4,Single,19k,No,18,,,,
RM716,33,26-35,Travel_Frequently,Research & Development,1,4,Other,Female,Healthcare Representative,2,Married,19k,Yes,13,,,,
RM755,33,26-35,Non-Travel,Sales,8,1,Life Sciences,Female,Sales Representative,4,Single,19k,No,19,,,,
RM791,33,26-35,Travel_Rarely,Research & Development,5,3,Life Sciences,Male,Healthcare Representative,4,Divorced,19k,No,15,,,,
RM793,33,26-35,Travel_Frequently,Research & Development,29,4,Medical,Female,Research Scientist,3,Single,19k,No,22,,,,
RM799,33,26-35,Travel_Rarely,Research & Development,25,3,Medical,Male,Research Scientist,2,Single,19k,Yes,20,,,,
RM803,33,26-35,Travel_Frequently,Sales,7,3,Life Sciences,Female,Sales Executive,2,Married,19k,No,17,,,,
RM830,33,26-35,Travel_Rarely,Sales,9,4,Marketing,Female,Sales Executive,1,Single,19k,Yes,17,,,,
RM864,33,26-35,Travel_Rarely,Human Resources,2,3,Human Resources,Male,Human Resources,3,Married,19k,No,13,,,,
RM873,33,26-35,Travel_Frequently,Sales,25,3,Medical,Female,Sales Executive,3,Married,19k,No,12,,,,
RM884,33,26-35,Travel_Rarely,Research & Development,9,3,Medical,Male,Research Scientist,4,Married,19k,No,13,,,,
RM909,33,26-35,Travel_Rarely,Sales,10,5,Marketing,Male,Sales Executive,3,Divorced,19k,Yes,14,,,,
RM991,33,26-35,Travel_Frequently,Sales,5,1,Life Sciences,Male,Sales Executive,4,Married,19k,No,13,,,,
RM1048,33,26-35,Travel_Frequently,Sales,7,3,Medical,Male,Sales Executive,1,Married,19k,No,14,,,,
RM1067,33,26-35,Travel_Rarely,Research & Development,4,4,Medical,Female,Laboratory Technician,2,Married,19k,No,11,,,,
RM1075,33,26-35,Travel_Rarely,Research & Development,8,5,Life Sciences,Male,Healthcare Representative,3,Single,19k,Yes,17,,,,
RM1092,33,26-35,Travel_Rarely,Research & Development,25,3,Life Sciences,Male,Manufacturing Director,2,Single,19k,No,13,,,,
RM1096,33,26-35,Travel_Rarely,Research & Development,28,4,Life Sciences,Male,Laboratory Technician,3,Married,19k,Yes,12,,,,
RM1106,33,26-35,Travel_Rarely,Sales,8,4,Life Sciences,Male,Sales Executive,1,Married,19k,No,13,,,,
RM1190,33,26-35,Travel_Rarely,Sales,2,4,Medical,Male,Sales Executive,4,Divorced,19k,No,14,,,,
RM1199,33,26-35,Non-Travel,Sales,16,3,Life Sciences,Female,Sales Executive,4,Divorced,19k,Yes,25,,,,
RM1211,33,26-35,Travel_Rarely,Research & Development,21,3,Medical,Male,Laboratory Technician,2,Married,19k,No,18,,,,
RM1254,33,26-35,Non-Travel,Sales,2,3,Marketing,Female,Sales Executive,2,Single,19k,No,15,,,,
RM1256,33,26-35,Travel_Rarely,Sales,16,3,Life Sciences,Female,Sales Executive,1,Single,19k,Yes,20,,,,
RM1266,33,26-35,Non-Travel,Research & Development,4,3,Technical Degree,Male,Research Scientist,2,Divorced,19k,No,15,,,,
RM1283,33,26-35,Travel_Rarely,Research & Development,8,4,Life Sciences,Male,Research Scientist,1,Married,19k,No,19,,,,
RM1364,33,26-35,Travel_Rarely,Sales,10,4,Marketing,Male,Sales Executive,3,Single,19k,No,14,,,,
RM1399,33,26-35,Travel_Frequently,Research & Development,7,2,Life Sciences,Male,Healthcare Representative,3,Divorced,19k,No,20,,,,
RM1416,33,26-35,Non-Travel,Research & Development,1,2,Medical,Male,Laboratory Technician,3,Divorced,19k,No,12,,,,
RM1426,33,26-35,Travel_Rarely,Research & Development,15,2,Medical,Female,Healthcare Representative,4,Married,19k,Yes,13,,,,
RM014,34,26-35,TravelRarely,Research & Development,19,2,Medical,Male,Laboratory Technician,4,Divorced,19k,No,11,,,,
RM023,34,26-35,TravelRarely,Research & Development,7,4,Life Sciences,Female,Research Director,2,Single,19k,No,11,,,,
RM025,34,26-35,Travel_Rarely,Research & Development,6,1,Medical,Male,Research Scientist,1,Single,19k,No,11,,,,
RM047,34,26-35,Non-Travel,Sales,23,4,Marketing,Male,Sales Executive,3,Single,19k,No,20,,,,
RM085,34,26-35,Travel_Rarely,Research & Development,1,2,Medical,Male,Manufacturing Director,2,Married,19k,No,15,,,,
RM104,34,26-35,Travel_Rarely,Research & Development,6,4,Other,Female,Research Scientist,3,Single,19k,No,14,,,,
RM112,34,26-35,Travel_Frequently,Research & Development,7,3,Life Sciences,Male,Laboratory Technician,3,Single,19k,Yes,24,,,,
RM115,34,26-35,Travel_Rarely,Research & Development,6,4,Life Sciences,Female,Research Scientist,2,Divorced,19k,No,15,,,,
RM117,34,26-35,Travel_Rarely,Research & Development,5,3,Medical,Female,Manager,1,Single,19k,No,12,,,,
RM160,34,26-35,Travel_Frequently,Sales,2,4,Marketing,Female,Sales Representative,3,Married,19k,No,18,,,,
RM182,34,26-35,Travel_Rarely,Research & Development,27,2,Medical,Female,Research Scientist,2,Single,19k,No,15,,,,
RM189,34,26-35,Travel_Frequently,Research & Development,2,1,Life Sciences,Male,Manufacturing Director,3,Married,19k,No,17,,,,
RM203,34,26-35,Travel_Frequently,Research & Development,10,4,Medical,Male,Research Scientist,3,Divorced,19k,Yes,17,,,,
RM248,34,26-35,Travel_Rarely,Research & Development,2,4,Life Sciences,Male,Manufacturing Director,1,Married,19k,No,13,,,,
RM379,34,26-35,Non-Travel,Sales,19,3,Marketing,Male,Sales Executive,4,Single,19k,Yes,13,,,,
RM394,34,26-35,Non-Travel,Sales,4,4,Marketing,Female,Sales Executive,3,Married,19k,No,15,,,,
RM416,34,26-35,Travel_Frequently,Sales,6,2,Marketing,Female,Sales Representative,3,Divorced,19k,No,16,,,,
RM433,34,26-35,Travel_Rarely,Research & Development,2,4,Life Sciences,Male,Research Scientist,3,Divorced,19k,No,12,,,,
RM441,34,26-35,Travel_Frequently,Human Resources,23,3,Human Resources,Female,Human Resources,1,Divorced,19k,Yes,15,,,,
RM463,34,26-35,Travel_Rarely,Sales,21,4,Life Sciences,Male,Sales Executive,4,Single,19k,No,12,,,,
RM482,34,26-35,Travel_Rarely,Research & Development,1,2,Life Sciences,Male,Research Scientist,4,Married,19k,Yes,13,,,,
RM495,34,26-35,Travel_Rarely,Sales,14,3,Technical Degree,Female,Sales Representative,3,Divorced,19k,Yes,18,,,,
RM504,34,26-35,Travel_Rarely,Research & Development,1,5,Life Sciences,Male,Research Scientist,4,Married,19k,No,12,,,,
RM525,34,26-35,Travel_Rarely,Research & Development,9,3,Medical,Female,Healthcare Representative,2,Single,19k,No,14,,,,
RM550,34,26-35,Travel_Rarely,Research & Development,8,2,Medical,Female,Healthcare Representative,3,Single,19k,No,11,,,,
RM561,34,26-35,Travel_Rarely,Research & Development,8,5,Life Sciences,Female,Manufacturing Director,1,Divorced,19k,No,14,,,,
RM568,34,26-35,Travel_Rarely,Sales,2,3,Other,Male,Sales Executive,4,Single,19k,No,22,,,,
RM575,34,26-35,Travel_Rarely,Research & Development,1,4,Life Sciences,Female,Research Scientist,4,Single,19k,No,16,,,,
RM580,34,26-35,Travel_Rarely,Research & Development,2,4,Medical,Female,Research Scientist,1,Single,19k,No,11,,,,
RM584,34,26-35,Travel_Rarely,Sales,8,2,Life Sciences,Female,Sales Executive,1,Married,19k,No,17,,,,
RM607,34,26-35,Travel_Frequently,Research & Development,16,4,Life Sciences,Female,Research Scientist,4,Single,19k,No,16,,,,
RM614,34,26-35,Travel_Rarely,Human Resources,3,2,Human Resources,Male,Human Resources,4,Married,19k,No,19,,,,
RM672,34,26-35,Travel_Rarely,Research & Development,10,3,Life Sciences,Male,Laboratory Technician,2,Divorced,19k,No,14,,,,
RM758,34,26-35,Travel_Rarely,Sales,1,4,Marketing,Male,Sales Executive,4,Divorced,19k,No,11,,,,
RM764,34,26-35,Travel_Rarely,Sales,10,4,Life Sciences,Female,Sales Representative,3,Married,19k,Yes,19,,,,
RM795,34,26-35,Travel_Frequently,Research & Development,3,1,Life Sciences,Male,Healthcare Representative,4,Single,19k,No,17,,,,
RM804,34,26-35,Non-Travel,Research & Development,3,4,Life Sciences,Male,Research Scientist,4,Married,19k,No,17,,,,
RM823,34,26-35,Travel_Frequently,Research & Development,2,2,Life Sciences,Male,Manufacturing Director,3,Single,19k,No,11,,,,
RM835,34,26-35,Travel_Rarely,Sales,9,1,Life Sciences,Female,Sales Executive,3,Married,19k,No,20,,,,
RM848,34,26-35,Travel_Frequently,Research & Development,1,3,Medical,Male,Healthcare Representative,1,Single,19k,No,20,,,,
RM907,34,26-35,Travel_Rarely,Research & Development,20,3,Technical Degree,Female,Research Scientist,3,Married,19k,No,17,,,,
RM918,34,26-35,Travel_Rarely,Sales,2,3,Marketing,Female,Sales Executive,1,Single,19k,Yes,12,,,,
RM921,34,26-35,Travel_Frequently,Research & Development,19,3,Medical,Female,Laboratory Technician,2,Divorced,19k,No,13,,,,
RM924,34,26-35,Travel_Frequently,Human Resources,11,3,Life Sciences,Male,Human Resources,2,Married,19k,No,11,,,,
RM959,34,26-35,Travel_Rarely,Research & Development,9,3,Life Sciences,Male,Healthcare Representative,4,Divorced,19k,No,11,,,,
RM965,34,26-35,Travel_Rarely,Sales,15,2,Medical,Female,Sales Executive,1,Single,19k,No,12,,,,
RM978,34,26-35,Non-Travel,Research & Development,26,1,Technical Degree,Female,Research Scientist,3,Divorced,19k,No,20,,,,
RM980,34,26-35,Travel_Rarely,Research & Development,29,3,Medical,Male,Laboratory Technician,3,Married,19k,No,13,,,,
RM984,34,26-35,Travel_Rarely,Research & Development,2,4,Technical Degree,Female,Healthcare Representative,4,Single,19k,No,11,,,,
RM1016,34,26-35,Travel_Frequently,Research & Development,1,4,Other,Male,Research Scientist,1,Divorced,19k,No,14,,,,
RM1028,34,26-35,Travel_Rarely,Research & Development,1,3,Life Sciences,Female,Laboratory Technician,2,Married,19k,No,17,,,,
RM1040,34,26-35,Travel_Rarely,Human Resources,9,4,Technical Degree,Female,Human Resources,3,Married,19k,No,15,,,,
RM1049,34,26-35,Travel_Rarely,Sales,3,3,Other,Male,Sales Executive,1,Single,19k,No,18,,,,
RM1056,34,26-35,Travel_Frequently,Research & Development,15,3,Medical,Male,Research Director,1,Divorced,19k,No,14,,,,
RM1059,34,26-35,Travel_Rarely,Sales,24,4,Medical,Female,Sales Executive,2,Single,19k,Yes,23,,,,
RM1085,34,26-35,Travel_Rarely,Sales,1,3,Technical Degree,Male,Sales Executive,3,Married,19k,Yes,14,,,,
RM1088,34,26-35,Travel_Rarely,Sales,7,2,Technical Degree,Male,Sales Representative,3,Married,19k,Yes,25,,,,
RM1116,34,26-35,Travel_Rarely,Research & Development,7,4,Medical,Male,Research Scientist,4,Single,19k,No,13,,,,
RM1118,34,26-35,Travel_Rarely,Research & Development,1,4,Life Sciences,Male,Research Scientist,4,Married,19k,No,17,,,,
RM1132,34,26-35,Travel_Frequently,Research & Development,10,4,Technical Degree,Male,Healthcare Representative,3,Married,19k,No,14,,,,
RM1147,34,26-35,Travel_Frequently,Research & Development,10,4,Life Sciences,Male,Manufacturing Director,4,Divorced,19k,No,13,,,,
RM1180,34,26-35,Travel_Rarely,Research & Development,3,3,Life Sciences,Female,Research Scientist,2,Divorced,19k,No,12,,,,
RM1209,34,26-35,Travel_Rarely,Research & Development,5,2,Medical,Male,Laboratory Technician,4,Married,19k,No,14,,,,
RM1213,34,26-35,Travel_Rarely,Research & Development,19,3,Life Sciences,Female,Research Scientist,4,Married,19k,No,12,,,,
RM1253,34,26-35,Travel_Rarely,Research & Development,2,4,Medical,Male,Research Scientist,4,Married,19k,Yes,14,,,,
RM1268,34,26-35,Non-Travel,Sales,10,3,Life Sciences,Male,Sales Executive,3,Divorced,19k,Yes,14,,,,
RM1271,34,26-35,Travel_Rarely,Sales,3,2,Life Sciences,Female,Sales Executive,4,Single,19k,No,12,,,,
RM1291,34,26-35,Travel_Frequently,Research & Development,9,4,Life Sciences,Male,Laboratory Technician,1,Married,19k,No,17,,,,
RM1301,34,26-35,Travel_Rarely,Sales,8,2,Technical Degree,Male,Sales Executive,3,Married,19k,No,21,,,,
RM1343,34,26-35,Travel_Rarely,Sales,4,3,Life Sciences,Male,Sales Executive,4,Married,19k,Yes,13,,,,
RM1354,34,26-35,Non-Travel,Research & Development,16,4,Technical Degree,Male,Research Scientist,1,Married,19k,Yes,23,,,,
RM1360,34,26-35,Travel_Rarely,Sales,3,1,Medical,Female,Sales Executive,4,Married,19k,Yes,12,,,,
RM1369,34,26-35,Travel_Frequently,Research & Development,22,4,Other,Male,Research Scientist,4,Married,19k,Yes,15,,,,
RM1385,34,26-35,Travel_Rarely,Sales,1,3,Marketing,Male,Sales Executive,4,Single,19k,No,21,,,,
RM1386,34,26-35,Travel_Rarely,Sales,13,4,Medical,Male,Sales Executive,3,Divorced,19k,No,18,,,,
RM1447,34,26-35,Travel_Rarely,Sales,28,3,Marketing,Female,Sales Executive,3,Married,19k,No,21,,,,
RM1470,34,26-35,TravelRarely,Research & Development,8,3,Medical,Male,Laboratory Technician,3,Married,19k,No,12,,,,
RM1470,34,26-35,TravelRarely,Research & Development,8,3,Medical,Male,Laboratory Technician,3,Married,19k,No,12,,,,
RM011,35,26-35,Travel_Rarely,Research & Development,16,3,Medical,Male,Laboratory Technician,2,Married,19k,No,13,,,,
RM038,35,26-35,Travel_Rarely,Sales,2,3,Marketing,Female,Sales Representative,4,Married,19k,No,13,,,,
RM041,35,26-35,Travel_Rarely,Research & Development,4,2,Other,Male,Laboratory Technician,4,Divorced,19k,No,12,,,,
RM050,35,26-35,Travel_Rarely,Research & Development,8,1,Life Sciences,Male,Laboratory Technician,4,Married,19k,No,19,,,,
RM054,35,26-35,Non-Travel,Research & Development,11,2,Medical,Male,Healthcare Representative,1,Married,19k,Yes,13,,,,
RM057,35,26-35,Travel_Frequently,Sales,18,5,Life Sciences,Male,Sales Executive,1,Married,19k,No,22,,,,
RM058,35,26-35,Travel_Rarely,Research & Development,23,4,Medical,Female,Laboratory Technician,1,Married,19k,Yes,15,,,,
RM069,35,26-35,Travel_Frequently,Research & Development,1,3,Medical,Male,Research Scientist,1,Married,19k,No,13,,,,
RM077,35,26-35,Travel_Rarely,Sales,1,4,Marketing,Male,Sales Executive,1,Single,19k,No,14,,,,
RM082,35,26-35,Travel_Rarely,Research & Development,1,3,Medical,Male,Research Scientist,3,Single,19k,No,18,,,,
RM152,35,26-35,Travel_Rarely,Sales,1,5,Marketing,Male,Sales Executive,2,Married,19k,No,13,,,,
RM193,35,26-35,Travel_Rarely,Research & Development,23,2,Life Sciences,Male,Manufacturing Director,3,Married,19k,Yes,13,,,,
RM197,35,26-35,Travel_Frequently,Research & Development,2,3,Medical,Female,Laboratory Technician,2,Single,19k,No,11,,,,
RM229,35,26-35,Travel_Frequently,Sales,1,3,Marketing,Female,Sales Executive,3,Single,19k,No,14,,,,
RM277,35,26-35,Travel_Rarely,Research & Development,22,3,Life Sciences,Female,Manager,2,Divorced,19k,No,18,,,,
RM298,35,26-35,Travel_Rarely,Sales,16,3,Marketing,Male,Sales Executive,2,Married,19k,No,15,,,,
RM345,35,26-35,Travel_Rarely,Research & Development,5,4,Technical Degree,Male,Manufacturing Director,2,Single,19k,No,13,,,,
RM373,35,26-35,Travel_Rarely,Research & Development,9,4,Life Sciences,Male,Healthcare Representative,2,Single,19k,No,19,,,,
RM431,35,26-35,Travel_Rarely,Research & Development,22,3,Life Sciences,Male,Laboratory Technician,3,Single,19k,No,15,,,,
RM439,35,26-35,Travel_Rarely,Research & Development,16,3,Life Sciences,Male,Healthcare Representative,3,Married,19k,Yes,12,,,,
RM448,35,26-35,Travel_Rarely,Sales,1,3,Marketing,Male,Sales Executive,3,Married,19k,No,11,,,,
RM462,35,26-35,Travel_Rarely,Sales,1,3,Medical,Female,Sales Executive,3,Single,19k,No,16,,,,
RM484,35,26-35,Travel_Rarely,Research & Development,25,2,Other,Male,Laboratory Technician,4,Single,19k,No,14,,,,
RM509,35,26-35,Travel_Rarely,Research & Development,6,4,Life Sciences,Male,Research Scientist,4,Single,19k,No,13,,,,
RM516,35,26-35,Non-Travel,Research & Development,3,3,Life Sciences,Male,Laboratory Technician,3,Married,19k,No,18,,,,
RM558,35,26-35,Non-Travel,Research & Development,2,4,Life Sciences,Female,Healthcare Representative,1,Divorced,19k,No,11,,,,
RM581,35,26-35,Travel_Rarely,Sales,8,4,Life Sciences,Female,Sales Representative,4,Married,19k,No,16,,,,
RM597,35,26-35,Travel_Rarely,Research & Development,1,4,Life Sciences,Female,Research Scientist,3,Single,19k,No,13,,,,
RM612,35,26-35,Travel_Rarely,Research & Development,7,3,Other,Male,Manufacturing Director,3,Single,19k,No,21,,,,
RM621,35,26-35,Travel_Rarely,Research & Development,27,1,Medical,Female,Research Scientist,1,Single,19k,No,11,,,,
RM636,35,26-35,Travel_Rarely,Research & Development,9,3,Life Sciences,Female,Manufacturing Director,3,Married,19k,Yes,20,,,,
RM637,35,26-35,Travel_Frequently,Research & Development,25,4,Life Sciences,Female,Research Scientist,2,Divorced,19k,Yes,19,,,,
RM648,35,26-35,Travel_Rarely,Research & Development,25,3,Technical Degree,Male,Manufacturing Director,2,Married,19k,No,16,,,,
RM677,35,26-35,Travel_Rarely,Research & Development,21,1,Life Sciences,Female,Healthcare Representative,4,Married,19k,Yes,25,,,,
RM699,35,26-35,Travel_Rarely,Sales,18,3,Medical,Female,Sales Executive,3,Married,19k,No,16,,,,
RM705,35,26-35,Travel_Rarely,Sales,3,4,Life Sciences,Male,Sales Executive,4,Divorced,19k,No,13,,,,
RM726,35,26-35,Travel_Rarely,Research & Development,14,4,Other,Male,Laboratory Technician,2,Divorced,19k,Yes,24,,,,
RM730,35,26-35,Travel_Rarely,Research & Development,25,4,Medical,Female,Healthcare Representative,3,Divorced,19k,Yes,11,,,,
RM741,35,26-35,Travel_Rarely,Research & Development,10,3,Other,Male,Laboratory Technician,4,Divorced,19k,No,20,,,,
RM792,35,26-35,Travel_Rarely,Sales,4,3,Technical Degree,Male,Sales Executive,1,Single,19k,Yes,22,,,,
RM821,35,26-35,Travel_Frequently,Sales,11,2,Marketing,Male,Sales Executive,4,Divorced,19k,No,11,,,,
RM836,35,26-35,Travel_Rarely,Human Resources,8,4,Technical Degree,Male,Human Resources,3,Single,19k,No,17,,,,
RM841,35,26-35,Travel_Rarely,Research & Development,1,4,Medical,Male,Laboratory Technician,3,Married,19k,No,12,,,,
RM847,35,26-35,Travel_Rarely,Research & Development,2,3,Life Sciences,Male,Manufacturing Director,2,Divorced,19k,No,18,,,,
RM849,35,26-35,Travel_Frequently,Research & Development,4,4,Other,Male,Laboratory Technician,4,Married,19k,No,13,,,,
RM871,35,26-35,Travel_Rarely,Sales,17,4,Life Sciences,Male,Sales Executive,1,Married,19k,Yes,15,,,,
