MOVIES,YEAR,GENRE,RATING,VOTES,RunTime,Gross
Blood Red Sky,-2021,Action$ Horror$ Thriller            ,6.1,21062,121,
Masters of the Universe: Revelation,(2021– ),Animation$ Action$ Adventure,5,17870,25,
The Walking Dead,(2010–2022),Drama$ Horror$ Thriller,8.2,885805,44,
Rick and Morty,(2013– ),Animation$ Adventure$ Comedy,9.2,414849,23,
Army of Thieves,-2021,Action$ Crime$ Horror,,,,
Outer Banks,(2020– ),Action$ Crime$ Drama,7.6,25858,50,
The Last Letter from Your Lover,-2021,Drama$ Romance,6.8,5283,110,
Dexter,(2006–2013),Crime$ Drama$ Mystery,8.6,665387,53,
Never Have I Ever,(2020– ),Comedy,7.9,34530,30,
Virgin River,(2019– ),,7.4,27279,44,
Gunpowder Milkshake,-2021,Action$ Adventure$ Thriller,6,17989,114,
Lucifer,(2016–2021),Crime$ Drama$ Fantasy,8.1,264222,42,
Fear Street: 1994,-2021,Drama$ Horror$ Mystery,6.2,50148,107,
Sex/Life,(2021– ),Comedy$ Drama$ Romance,5.4,12172,,
American Horror Story,(2011– ),Drama$ Horror$ Thriller,8,286488,60,
Grey's Anatomy,(2005– ),Drama$ Romance,7.5,266258,41,
Breaking Bad,(2008–2013),Crime$ Drama$ Thriller,9.4,1552311,49,
The Good Doctor,(2017– ),Drama,8.1,70871,41,
Atypical,(2017–2021),Comedy$ Drama,8.3,71544,30,
Stranger Things,(2016– ),Drama$ Fantasy$ Horror,8.7,885856,51,
Fear Street: 1978,-2021,Drama$ Horror$ Mystery,6.8,36634,109,
Friends,(1994–2004),Comedy$ Romance,8.9,880918,22,
The Flash,(2014– ),Action$ Adventure$ Drama,7.6,320264,43,
Peaky Blinders,(2013– ),Crime$ Drama,8.8,393414,60,
He-Man and the Masters of the Universe,(2021– ),Animation$ Action$ Adventure,,,,
Chernobyl,-2021,Drama$ History$ Romance,5,4681,136,
Vikings,(2013–2020),Action$ Adventure$ Drama,8.5,459913,44,
Better Call Saul,(2015– ),Crime$ Drama,8.8,347857,46,
Supernatural,(2005–2020),Drama$ Fantasy$ Horror,8.4,404273,44,
The Blacklist,(2013– ),Crime$ Drama$ Mystery,8,213522,43,
Fear Street: 1666,-2021,Horror$ Mystery,6.7,27447,114,
Animal Kingdom,(2016– ),,8.2,26926,60,
Brooklyn Nine-Nine,(2013–2022),,8.4,248583,22,
NCIS: Naval Criminal Investigative Service,(2003– ),Action$ Crime$ Drama,7.7,125619,60,
Kingdom,(2019– ),Action$ Drama$ History,8.4,34906,45,
Modern Family,(2009–2020),Comedy$ Drama$ Romance,8.4,378030,22,
Titans,(I) (2018– ),Action$ Adventure$ Crime,7.7,73656,45,
The Witcher,(2019– ),Action$ Adventure$ Fantasy,8.2,336484,60,
Downton Abbey,(2010–2015),,8.7,171804,58,
Shingeki no kyojin,(2013–2022),Animation$ Action$ Adventure,9,242582,24,
Suits,(2011–2019),,8.4,374263,44,
La casa de papel,(2017–2021),Action$ Crime$ Mystery,8.3,341858,70,
Schitt's Creek,(2015–2020),,8.5,90728,22,
Outlander,(2014– ),Drama$ Fantasy$ Romance,8.4,134991,64,
The Last Kingdom,(2015– ),Action$ Drama$ History,8.4,94650,60,
Black Mirror,(2011– ),Drama$ Sci-Fi$ Thriller,8.8,469407,60,
Ozark,(2017– ),Crime$ Drama$ Thriller,8.4,206090,60,
The Crown,(2016– ),Biography$ Drama$ History,8.6,169517,58,
Sweet Tooth,(2021– ),Action$ Adventure$ Drama,7.9,37142,,
Army of the Dead,-2021,Action$ Crime$ Horror,1325.8,132378,148,
Fargo,(2014– ),Crime$ Drama$ Thriller,8.9,341221,53,
How I Met Your Mother,(2005–2014),,8.3,624036,22,
Community,(2009–2015),,8.5,231013,22,
Sons of Anarchy,(2008–2014),Crime$ Drama$ Thriller,2148.5,270445,45,
StartUp,(2016–2018),,7.9,22971,44,
The Vampire Diaries,(2009–2017),Drama$ Fantasy$ Horror,7.7,293434,43,
365 dni,-2020,,3.3,63620,114,
How to Sell Drugs Online (Fast),(2019– ),Comedy$ Crime$ Drama,7.9,23960,30,
Good Girls,(2018–2021),Comedy$ Crime$ Drama,7.8,38618,43,
13 Reasons Why,(2017–2020),Drama$ Mystery$ Thriller,7.6,266386,60,
The Queen's Gambit,-2020,,8.6,336801,395,
Legends of Tomorrow,(2016– ),Action$ Adventure$ Drama,6.8,95897,42,
Star Trek: The Next Generation,(1987–1994),Action$ Adventure$ Mystery,8.6,106181,44,
Le dernier mercenaire,-2021,,5.4,2606,110,
Resort to Love,-2021,Comedy$ Romance,5.7,1591,101,
Evil,(2019– ),Crime$ Drama$ Horror,7.7,15048,42,
The Expanse,(2015– ),Drama$ Mystery$ Sci-Fi,8.5,119644,60,
New Amsterdam,(2018– ),Drama,8.1,27709,43,
Line of Duty,(2012– ),Crime$ Drama$ Mystery,8.7,46751,60,
The 100,(2014–2020),Drama$ Mystery$ Sci-Fi,7.6,226962,43,
New Girl,(2011–2018),,7.7,200421,22,
Prison Break,(2005–2017),Action$ Crime$ Drama,41248.3,492438,44,
Sex Education,(2019– ),,8.3,177274,45,
A Classic Horror Story,-2021,Drama$ Horror$ Mystery,5.7,8822,95,
Feels Like Ishq,(2021– ),Comedy$ Drama$ Romance,6.6,848,32,
Young Royals,(2021– ),,8.6,16954,50,
Shadow and Bone,(2021– ),Action$ Adventure$ Drama,7.7,60283,,
The Hitman's Bodyguard,-2017,Action$ Comedy$ Crime,6.9,205979,118,$75.47M
Mad Men,(2007–2015),,8.6,216203,47,
Élite,(2018– ),Crime$ Drama$ Thriller,7.5,59730,60,
Gilmore Girls,(2000–2007),,8.1,106650,44,
Sky Rojo,(2021– ),Action$ Adventure$ Crime,6.5,6940,31,
Lupin,(2021– ),Action$ Crime$ Drama,7.5,84428,45,
Trollhunters: Rise of the Titans,-2021,Animation$ Action$ Adventure,6.9,2353,104,
Heartland,(II) (2007– ),,8.4,11764,45,
Jurassic Park,-1993,Action$ Adventure$ Sci-Fi,8.1,897444,127,$402.45M
Family Guy,(1999–2022),,8.1,312584,22,
Daredevil,(2015–2018),Action$ Crime$ Drama,8.6,374963,54,
Dark,(2017–2020),Crime$ Drama$ Mystery,8.8,312629,60,
Boku no hîrô akademia,(2016– ),Animation$ Action$ Adventure,8.4,44367,24,
Cobra Kai,(2018– ),Action$ Comedy$ Drama,41248.6,122268,30,
 Kingdom,(2019– ),Action$ Drama$ History,7.1,6388,92,
Gotham,(2014–2019),Action$ Crime$ Drama,7.8,216458,42,
Billions,(2016– ),,8.4,74094,60,
Agents of S.H.I.E.L.D.,(2013–2020),Action$ Adventure$ Drama,7.5,205119,45,
Don't Breathe,-2016,Crime$ Horror$ Thriller,7.1,237601,88,$89.22M
The Ice Road,-2021,Action$ Adventure$ Drama,5.6,20561,109,
Arrow,(2012–2020),Action$ Adventure$ Crime,7.5,414712,42,
Orange Is the New Black,(2013–2019),Comedy$ Crime$ Drama,8,284554,59,
Gossip Girl,(2007–2012),Drama$ Romance,7.4,159666,42,
Bridgerton,(2020– ),,7.3,83944,60,
The Kominsky Method,(2018–2021),,8.2,33440,30,
Homeland,(2011–2020),Crime$ Drama$ Mystery,8.3,322307,55,
Riverdale,(2017– ),Crime$ Drama$ Mystery,6.8,126112,45,
Sherlock,(2010–2017),Crime$ Drama$ Mystery,9.1,839029,88,
La cocinera de Castamar,-2021,,7.4,1336,,
Queen of the South,(2016–2021),Action$ Crime$ Drama,8,23318,42,
CSI: Crime Scene Investigation,(2000–2015),Crime$ Drama$ Mystery,7.6,78589,60,
The Umbrella Academy,(2019– ),Action$ Adventure$ Comedy,41348,175513,60,
Supergirl,(2015–2021),Action$ Adventure$ Drama,6.2,115373,43,
BoJack Horseman,(2014–2020),Animation$ Comedy$ Drama,8.7,124318,25,
The Lord of the Rings: The Fellowship of the Ring,-2001,Action$ Adventure$ Drama,8.8,1713028,178,$315.54M
I Think You Should Leave with Tim Robinson,(2019– ),,7.8,8095,16,
South Park,(1997– ),,8.7,340148,22,
Once Upon a Time,(2011–2018),Adventure$ Fantasy$ Romance,7.7,212616,60,
Star Trek: Discovery,(2017– ),Action$ Adventure$ Drama,7.2,101079,60,
Teen Wolf,(2011–2017),Action$ Drama$ Fantasy,7.6,132950,41,
How to Get Away with Murder,(2014–2020),Crime$ Drama$ Mystery,8.1,136135,43,
Star Trek: Deep Space Nine,(1993–1999),Action$ Adventure$ Drama,8,55687,45,
Seinfeld,(1989–1998),,8.8,264801,22,
Spartacus: Blood and Sand,(2010–2013),Action$ Adventure$ Biography,41348.5,228484,55,
Hawaii Five-0,(2010–2020),Action$ Crime$ Drama,7.3,68627,42,
Good Witch,(2015–2021),Comedy$ Drama$ Fantasy,7.3,8268,48,
The Sinner,(2017– ),Crime$ Drama$ Mystery,7.9,96901,45,
Arrested Development,(2003–2019),,8.7,284373,22,
Escape Room,(I) (2019),Action$ Adventure$ Horror,6.4,99351,99,$57.01M
You,(2018– ),Crime$ Drama$ Romance,7.7,157666,45,
Mindhunter,(2017–2019),Crime$ Drama$ Thriller,8.6,235694,60,
Jaws,-1975,,8,558731,124,$260.00M
Avatar: The Last Airbender,(2005–2008),Animation$ Action$ Adventure,9.3,265845,23,
The Punisher,(2017–2019),Action$ Crime$ Drama,8.5,194777,53,
Star Trek: Voyager,(1995–2001),Action$ Adventure$ Sci-Fi,7.8,61917,44,
The Departed,-2006,Crime$ Drama$ Thriller,8.5,1227522,151,$132.38M
Narcos,(2015–2017),Biography$ Crime$ Drama,8.8,375261,49,
The Serpent,-2021,Crime$ Drama$ Thriller,7.6,33936,58,
Star Wars: The Clone Wars,(2008–2020),Animation$ Action$ Adventure,4238.3,71904,23,
Murder$ She Wrote,(1984–1996),Crime$ Drama$ Mystery,7,20330,50,
Fatherhood,-2021,,6.7,26508,109,
Blue Bloods,(2010– ),Crime$ Drama$ Mystery,7.6,34064,43,
Heist,(2021– ),Documentary$ Crime$ Mystery,6.8,846,41,
The Woman in the Window,-2021,Crime$ Drama$ Mystery,5.7,57048,100,
Black Summer,(2019– ),Action$ Drama$ Horror,6.5,25453,40,
Katla,(2021– ),Drama$ Mystery$ Sci-Fi,7.1,8391,,
Gone Girl,-2014,Drama$ Mystery$ Thriller,8.1,895888,149,$167.77M
Jumanji: Welcome to the Jungle,-2017,Action$ Adventure$ Comedy,6.9,337900,119,$404.52M
American Psycho,-2000,Comedy$ Crime$ Drama,7.6,517014,101,$15.07M
House of Cards,(2013–2018),,8.7,476656,51,
Miraculous: Tales of Ladybug & Cat Noir,(2015– ),Animation$ Action$ Adventure,7.7,8300,20,
Mayor Grom: Chumnoy Doktor,-2021,,6.3,8466,136,
Demon Slayer: Kimetsu No Yaiba,(2019– ),Animation$ Action$ Fantasy,8.7,46259,25,
Jane the Virgin,(2014–2019),,7.8,41758,60,
The Good Wife,(2009–2016),Crime$ Drama$ Mystery,8.3,70021,43,
The Good Place,(2016–2020),Comedy$ Drama$ Fantasy,8.2,127417,22,
The Americans,(2013–2018),Crime$ Drama$ Mystery,52358.4,88962,44,
Glee,(2009–2015),Comedy$ Drama$ Music,6.7,139934,44,
Bo Burnham: Inside,(2021 TV Special),Comedy$ Drama$ Music,8.7,31108,87,
Kill Bill: Vol. 1,-2003,Action$ Crime$ Drama,8.1,1034554,111,$70.10M
Bartkowiak,-2021,Action$ Crime$ Sport,5,398,91,
Castlevania,(2017–2021),Animation$ Action$ Adventure,8.3,51802,23,
300,-2006,,7.6,751815,117,$210.61M
Dawson's Creek,(1998–2003),,6.6,38117,60,
It,(I) (2017),Horror,7.3,480607,135,$327.48M
Pretty Little Liars,(2010–2017),Drama$ Mystery$ Romance,7.4,155875,44,
Star Trek,(1966–1969),Action$ Adventure$ Sci-Fi,8.3,76213,50,
Archer,(2009– ),Animation$ Action$ Comedy,8.6,141784,22,
Spider-Man: Far from Home,-2019,Action$ Adventure$ Sci-Fi,7.5,363012,129,$390.53M
Twin Peaks,(1990–1991),Crime$ Drama$ Mystery,8.8,182173,47,
The Mitchells vs the Machines,-2021,Animation$ Adventure$ Comedy,7.7,69482,113,
The Bold Type,(2017–2021),,7.9,16183,45,
Love$ Death & Robots,(2019– ),Animation$ Short$ Comedy,8.5,120364,15,
Hostage House,-2021,Thriller,3.7,315,85,
The Hobbit: An Unexpected Journey,-2012,,5427.8,774632,169,$303.00M
Clueless,-1995,,6.8,194461,97,$56.63M
Ray Donovan,(2013–2020),,8.3,79618,60,
Transformers: War for Cybertron,(2020–2021),Animation$ Action$ Adventure,7.4,2923,30,
Baywatch,-2017,Action$ Comedy$ Crime,5.5,170844,116,$58.06M
Trollhunters,(2016–2018),Animation$ Action$ Adventure,8.4,14759,23,
Snowpiercer,(2020– ),Action$ Drama$ Sci-Fi,6.9,39433,60,
Workin' Moms,(2017– ),,7.7,12896,30,
The Devil All the Time,-2020,Crime$ Drama$ Thriller,7.1,108684,138,
Broadchurch,(2013–2017),Crime$ Drama$ Mystery,8.4,100611,48,
Fast & Furious 7,-2015,Action$ Adventure$ Thriller,7.1,371194,137,$353.01M
L.A.'s Finest,(2019–2020),Action$ Comedy$ Crime,6,5667,60,
Good on Paper,-2021,,5.6,8099,92,
Iron Fist,(2017–2018),Action$ Adventure$ Crime,6.5,118859,55,
Too Hot to Handle,(2020– ),Game-Show$ Reality-TV$ Romance,4.6,10008,40,
Haseen Dillruba,-2021,Crime$ Drama$ Mystery,6.9,18149,135,
Hannibal,(2013–2015),Crime$ Drama$ Horror,8.5,236161,44,
Longmire,(2012–2017),Action$ Crime$ Drama,8.3,30685,60,
Sicario,-2015,Action$ Crime$ Drama,5257.6,387903,121,$46.89M
The Fall,(I) (2013–2016),Crime$ Drama$ Thriller,8.1,89590,60,
The Irishman,-2019,Biography$ Crime$ Drama,7.8,345455,209,$7.00M
Jujutsu Kaisen,(2020– ),Animation$ Action$ Adventure,8.7,25386,24,
The Lord of the Rings: The Return of the King,-2003,Action$ Adventure$ Drama,8.9,1691777,201,$377.85M
Baby Driver,-2017,Action$ Crime$ Drama,7.6,468655,113,$107.83M
Dynasty,(2017– ),,7.3,16666,42,
Spider-Man,-2002,Action$ Adventure$ Sci-Fi,7.3,709684,121,$403.71M
Jumanji: The Next Level,-2019,Action$ Adventure$ Comedy,6.7,205638,123,$316.83M
I Care a Lot,-2020,Comedy$ Crime$ Thriller,6.3,109059,118,
Love and Monsters,(I) (2020),Action$ Adventure$ Comedy,7,100693,109,
Awake,(III) (2021),Action$ Adventure$ Drama,4.8,16262,96,
The Haunting of Hill House,-2018,Drama$ Horror$ Mystery,8.6,195117,572,
Things Heard & Seen,-2021,Drama$ Horror$ Mystery,5.3,24250,121,
NCIS: Los Angeles,(2009– ),Action$ Crime$ Drama,6.7,49943,43,
Arrival,(II) (2016),Drama$ Sci-Fi,7.9,623912,116,$100.55M
Taxi Driver,-1976,Crime$ Drama,8.2,752553,114,$28.26M
Grease,-1978,Musical$ Romance,7.2,250587,110,$188.76M
El inocente,-2021,Crime$ Drama$ Mystery,7.9,19980,467,
The Movies That Made Us,(2019– ),,7.8,3653,45,
Ragnarok,(2020– ),Action$ Drama$ Fantasy,7.5,31200,45,
The King,(I) (2019),Biography$ Drama$ History,7.2,97848,140,
Ginny & Georgia,(2021– ),,7.5,35247,,
Jupiter's Legacy,-2021,Action$ Adventure$ Drama,6.7,31953,56,
Designated Survivor,(2016–2019),Action$ Drama$ Mystery,7.5,81326,60,
Sing 2,-2021,Animation$ Adventure$ Comedy,,,,
White Collar,(2009–2014),Comedy$ Crime$ Drama,8.2,122230,40,
The Dig,-2021,Biography$ Drama$ History,7.1,60598,112,
Knives Out 2,-2022,Comedy$ Crime$ Drama,,,,
Dirty John,(2018– ),,7.2,18088,44,
The Old Guard,-2020,Action$ Adventure$ Fantasy,6.7,141605,125,
Venom,-2018,Action$ Adventure$ Sci-Fi,6.7,390167,112,$213.52M
The Killing,(2011–2014),Crime$ Drama$ Mystery,8.2,102312,45,
Don't Look Up,-2021,,,,145,
Skins,(2007–2013),,8.2,77286,46,
6 Underground,-2019,Action$ Thriller,6.1,150455,128,
The Fate of the Furious,-2017,Action$ Adventure$ Crime,6.6,215795,136,$226.01M
Captain America: Civil War,-2016,Action$ Adventure$ Sci-Fi,7.8,697750,147,$408.08M
Rurôni Kenshin: Sai shûshô - The Beginning,-2021,Action$ Adventure$ Drama,7.8,1976,137,
Death Note: Desu nôto,(2006–2007),Animation$ Crime$ Drama,9,262556,24,
Naruto,(2002–2007),Animation$ Action$ Adventure,8.3,79832,24,
Black Sails,(2014–2017),Adventure$ Drama,8.2,96550,56,
Run,(I) (2020),Mystery$ Thriller,6.7,55389,90,
Orphan Black,(2013–2017),Action$ Drama$ Sci-Fi,8.3,104501,44,
Grimm,(2011–2017),Crime$ Drama$ Fantasy,7.8,111716,45,
Luther,(2010–2019),Crime$ Drama$ Mystery,8.4,125749,60,
Sexy Beasts,(2021– ),Reality-TV$ Romance,4.7,592,,
Red Notice,-2021,Action$ Comedy$ Crime,,,,
Sen to Chihiro no kamikakushi,-2001,Animation$ Adventure$ Family,8.6,682809,125,$10.06M
Hotel Transylvania: Transformania,-2021,Animation$ Adventure$ Comedy,,,,
Murdoch Mysteries,(2008– ),Crime$ Drama$ Mystery,8.1,11437,48,
Wish Dragon,-2021,Animation$ Adventure$ Comedy,7.2,15262,98,
Resident Evil: Infinite Darkness,(2021– ),Animation$ Action$ Horror,5.8,7128,26,
Reign,(2013–2017),Drama$ Fantasy,7.5,45045,42,
Elementary,(2012–2019),Crime$ Drama$ Mystery,7.9,103707,60,
The Girl in the Spider's Web,-2018,Action$ Crime$ Drama,6.1,43896,115,$14.84M
Kong: Skull Island,-2017,Action$ Adventure$ Fantasy,6.6,294292,118,$168.05M
The Missing,(2014–2016),Crime$ Drama$ Mystery,8.2,23317,60,
Hagane no renkinjutsushi,(2009–2012),Animation$ Action$ Adventure,9.1,134855,24,
Altered Carbon,(2018–2020),Action$ Drama$ Sci-Fi,8,149002,60,
Enterprise,(2001–2005),Action$ Adventure$ Drama,7.5,48148,60,
Black Clover,(2017–2021),Animation$ Action$ Adventure,8.3,13218,24,
Uncut Gems,-2019,Crime$ Drama$ Thriller,7.4,239770,135,
American Crime Story,(2016– ),Biography$ Crime$ Drama,8.4,83137,42,
Bloodline,(2015–2017),Drama$ Thriller,7.9,46111,60,
Revenge,(2011–2015),Drama$ Mystery$ Thriller,7.8,114932,44,
The Revenant,-2015,Action$ Adventure$ Drama,8,732244,156,$183.64M
Z Nation,(2014–2018),Action$ Comedy$ Drama,6.7,34226,44,
Polar,(I) (2019),Action$ Crime$ Drama,6.3,80553,118,
Kim's Convenience,(2016–2021),Comedy,8.2,12443,22,
Grace and Frankie,(2015–2021),Comedy,8.3,41520,30,
The Lord of the Rings: The Two Towers,-2002,Action$ Adventure$ Drama,8.7,1529752,179,$342.55M
Love Is Blind,(2020– ),Reality-TV$ Romance,6.1,5342,48,
Legally Blonde,-2001,,6.3,195752,96,$96.52M
Jessica Jones,(2015–2019),Action$ Crime$ Drama,7.9,198056,56,
Rust Creek,-2018,Crime$ Drama$ Thriller,5.9,9263,108,
American Vandal,(2017–2018),Comedy$ Crime$ Drama,8.2,28093,34,
Cheers,(1982–1993),,7.9,49886,22,
Ocean's Eight,-2018,Action$ Comedy$ Crime,6.3,197909,110,$140.22M
America: The Motion Picture,-2021,Animation$ Action$ Adventure,5.7,4485,98,
That '70s Show,(1998– ),,8,157990,22,
Below Deck Mediterranean,(2016– ),Reality-TV,7.3,1327,43,
Pirates of the Caribbean: Dead Men Tell No Tales,-2017,Action$ Adventure$ Fantasy,6.5,276173,129,$172.56M
Sense8,(2015–2018),Drama$ Mystery$ Sci-Fi,8.3,144032,60,
How to Become a Tyrant,(2021– ),Documentary$ Biography$ History,7.4,3700,,
Dead to Me,(2019– ),Comedy$ Crime$ Drama,8,61944,30,
Narcos: México,(2018– ),,8.4,64838,50,
2001: A Space Odyssey,-1968,,8.3,622998,149,$56.95M
Adventure Time,(2010–2018),Animation$ Action$ Adventure,8.6,81525,11,
Nanatsu no taizai,(2014–2021),Animation$ Action$ Adventure,8,26282,24,
My Unorthodox Life,(2021– ),Reality-TV,5.1,742,,
Slasher,(2016– ),Crime$ Drama$ Horror,6.7,12031,60,
Anne,(2017–2019),,8.7,43433,60,
The Tudors,(2007–2010),Drama$ History$ Romance,8.1,70514,60,
Batman v Superman: Dawn of Justice,-2016,Action$ Adventure$ Sci-Fi,6.4,657423,152,$330.36M
Pose,(2018–2021),,8.6,23179,60,
Cider no yô ni kotoba ga wakiagaru,-2020,Animation$ Drama$ Romance,7,941,87,
News of the World,-2020,Action$ Adventure$ Drama,6.8,69037,118,
Mother!,-2017,Drama$ Horror$ Mystery,6.6,201141,121,$17.80M
Emily in Paris,(2020– ),Comedy$ Drama$ Romance,7,55757,30,
National Lampoon's Animal House,-1978,,7.5,115289,109,$0.20M
The Affair,(2014–2019),,7.9,42129,60,
Honest Thief,-2020,Action$ Crime$ Drama,6,40186,99,
The End of the F***ing World,(2017–2019),Adventure$ Comedy$ Crime,8.1,157802,25,
Midnight in Paris,-2011,Comedy$ Fantasy$ Romance,7.7,399157,94,$56.82M
Lost in Space,(2018– ),Adventure$ Drama$ Family,7.3,76255,60,
Wentworth,(2013–2021),,8.6,18080,45,
After Life,(2019– ),,8.4,91972,30,
The Fresh Prince of Bel-Air,(1990–1996),,7.9,125167,22,
Kill Bill: Vol. 2,-2004,Action$ Crime$ Thriller,8,706053,137,$66.21M
Bates Motel,(2013–2017),Drama$ Horror$ Mystery,8.1,100394,45,
Moneyball,-2011,Biography$ Drama$ Sport,7.6,386263,133,$75.61M
Behind Her Eyes,-2021,Drama$ Mystery$ Thriller,7.2,47174,298,
Biohackers,(2020– ),Drama$ Sci-Fi$ Thriller,6.8,7563,44,
Extraction,-2020,,6.7,174406,116,
The IT Crowd,(2006–2013),Comedy,8.5,138970,25,
Californication,(2007–2014),Comedy$ Drama,8.3,174076,28,
Beastars,(2019– ),Animation$ Crime$ Drama,7.8,7429,23,
3rd Rock from the Sun,(1996–2001),Comedy$ Family$ Sci-Fi,7.7,48780,60,
Big Mouth,(2017– ),Animation$ Comedy$ Romance,7.9,61304,30,
Snowpiercer,-2013,Action$ Drama$ Sci-Fi,7.1,335946,126,$4.56M
Locke & Key,(2020– ),Drama$ Fantasy$ Horror,7.4,47717,48,
300: Rise of an Empire,-2014,Action$ Drama,6.2,286734,102,$106.58M
Kimi no na wa.,-2016,Animation$ Drama$ Fantasy,8.4,217433,106,$5.02M
Travelers,(2016–2018),Drama$ Mystery$ Sci-Fi,8.1,49197,45,
Black Lightning,(2017–2021),Action$ Drama$ Sci-Fi,6.1,23354,43,
Booksmart,-2019,Comedy,7.2,103143,102,$22.68M
The Water Man,(I) (2020),Adventure$ Drama$ Family,5.3,1978,91,
Chesapeake Shores,(2016– ),Drama$ Family,7.5,5407,42,
Oxygène,-2021,Drama$ Fantasy$ Sci-Fi,6.5,27918,100,
Jaws 2,-1978,Adventure$ Horror$ Thriller,5.8,73931,116,$102.92M
Enola Holmes,-2020,Action$ Adventure$ Crime,6.6,145206,123,
Rurôni Kenshin: Sai shûshô - The Final,-2021,Action$ Adventure$ Drama,7.2,4682,138,
Chilling Adventures of Sabrina,(2018–2020),Drama$ Fantasy$ Horror,7.5,82557,60,
Marcella,(2016– ),Crime$ Drama$ Mystery,7.4,26485,45,
Tropic Thunder,-2008,Action$ Comedy$ War,7,391033,107,$110.52M
Freaks and Geeks,(1999–2000),Comedy$ Drama,8.7,133607,44,
iZombie,(2015–2019),Comedy$ Crime$ Drama,7.8,62258,42,
Spirit Untamed,-2021,Animation$ Adventure$ Family,5.4,1741,88,
Poldark,(2015–2019),Drama$ History$ Romance,8.3,27588,60,
Beauty and the Beast,(I) (2017),Family$ Fantasy$ Musical,7.1,284484,129,$504.01M
Penny Dreadful,(2014–2016),Drama$ Fantasy$ Horror,8.2,115055,60,
Unbelievable,-2019,Crime$ Drama,8.4,81658,385,
Fate: The Winx Saga,(2021– ),Action$ Adventure$ Drama,6.9,30827,,
Feel Good,(2020–2021),Comedy$ Drama$ Romance,7.5,7949,30,
Bodyguard,-2018,Crime$ Drama$ Thriller,8.1,103187,60,
The Legend of Korra,(2012–2014),Animation$ Action$ Adventure,8.4,109581,23,
Bird Box,-2018,Horror$ Sci-Fi,6.6,297927,124,
She-Ra and the Princesses of Power,(2018–2020),Animation$ Action$ Adventure,7.9,11967,30,
Scorpion,(2014–2018),Action$ Crime$ Drama,7.1,48387,43,
Derry Girls,(2018– ),Comedy,8.4,24293,30,
Hell or High Water,(II) (2016),Action$ Crime$ Drama,7.6,211816,102,$26.86M
The Babysitter,(I) (2017),Comedy$ Horror,6.3,79593,85,
Marriage Story,-2019,Comedy$ Drama$ Romance,7.9,266307,137,$2.00M
Ratched,(2020– ),Crime$ Drama$ Mystery,7.3,44914,,
Annihilation,-2018,Adventure$ Drama$ Horror,6.8,293459,115,$32.73M
Fractured,(I) (2019),Mystery$ Thriller,6.4,62113,99,
El Camino: A Breaking Bad Movie,-2019,Action$ Crime$ Drama,7.3,200029,122,
Godless,-2017,Drama$ Western,8.3,56997,452,
Haikyuu!!,(2014–2020),Animation$ Comedy$ Drama,8.7,15250,24,
Wind River,-2017,Crime$ Drama$ Mystery,7.7,218337,107,$33.80M
Dirilis: Ertugrul,(2014–2019),Action$ Adventure$ Drama,8,31182,120,
Frozen,(I) (2013),Animation$ Adventure$ Comedy,7.4,586769,102,$400.74M
The Haunting of Bly Manor,-2020,Drama$ Horror$ Mystery,7.4,77872,494,
Charlie's Angels,-2019,Action$ Adventure$ Comedy,4.8,62393,118,
Love,(2016–2018),Comedy$ Drama$ Romance,7.7,39010,50,
Spenser Confidential,-2020,Action$ Comedy$ Crime,6.2,77727,111,
Centaurworld,(2021– ),Animation$ Adventure$ Comedy,7.5,207,25,
Lo imposible,-2012,Drama$ History$ Thriller,7.6,208903,114,$19.02M
Shadowhunters: The Mortal Instruments,(2016–2019),Action$ Drama$ Fantasy,6.6,56183,42,
The Ranch,(2016–2020),Comedy$ Drama$ Western,7.5,35091,30,
Shooter,(2016–2018),Action$ Drama,7.5,33000,60,
Zoo,(2015–2017),Drama$ Mystery$ Sci-Fi,6.7,23095,42,
The Trial of the Chicago 7,-2020,Drama$ History$ Thriller,7.8,153211,129,
Comment je suis devenu super-héros,-2020,Action$ Adventure$ Comedy,5.8,3214,97,
Stowaway,-2021,Drama$ Sci-Fi$ Thriller,5.6,36937,116,
The Nice Guys,-2016,Action$ Comedy$ Crime,7.4,295435,116,$36.26M
The Snowman,-2017,Crime$ Drama$ Thriller,5.1,60354,119,$6.67M
Moonrise Kingdom,-2012,Comedy$ Drama$ Romance,7.8,328550,94,$45.51M
Contagion,-2011,Drama$ Thriller,6.7,290444,106,$75.66M
Nashville,(2012–2018),Drama$ Music$ Romance,7.7,23735,43,
This Is England,-2006,Crime$ Drama,7.7,117889,101,$0.33M
El hoyo,-2019,Horror$ Sci-Fi$ Thriller,7,183495,94,
Scream,(2015–2019),Comedy$ Crime$ Drama,7.1,35660,45,
Halston,-2021,Biography$ Drama,7.5,10460,240,
Castle Rock,(2018–2019),Drama$ Fantasy$ Horror,7.6,40731,60,
Misfits,(2009–2013),Comedy$ Drama$ Fantasy,8.2,95735,60,
Medici,(2016–2019),Biography$ Drama$ History,7.9,16659,60,
I'm Thinking of Ending Things,-2020,Drama$ Thriller,6.6,71640,134,
Willy Wonka & the Chocolate Factory,-1971,Family$ Fantasy$ Musical,7.8,186202,100,$4.00M
Fantasy Island,-2020,Action$ Adventure$ Fantasy,4.9,41744,109,
Doc Martin,(2004– ),Comedy$ Drama$ Romance,8.3,13580,46,
Homefront,(I) (2013),Action$ Crime$ Thriller,6.5,113476,100,$20.16M
The Power of the Dog,-2021,Drama$ Romance$ Western,,,125,
Dead Poets Society,-1989,,8.1,443357,128,$95.86M
Contratiempo,-2016,Crime$ Drama$ Mystery,8.1,157061,106,
There's Something About Mary,-1998,,7.1,298729,119,$176.48M
Trailer Park Boys,(2001–2018),,8.5,38861,30,
Binsenjo,(2021– ),Comedy$ Crime$ Romance,8.5,7888,80,
Full House,(1987–1995),Comedy$ Drama$ Family,6.7,54419,22,
The OA,(2016–2019),Drama$ Fantasy$ Mystery,7.8,94862,60,
Lucy,(I) (2014),Action$ Sci-Fi$ Thriller,6.4,462122,89,$126.66M
Will & Grace,(1998–2020),,7.2,52269,22,
Luke Cage,(2016–2018),Action$ Crime$ Drama,7.3,120187,55,
GLOW,(2017–2019),Comedy$ Drama$ Sport,8,42221,35,
Wet Hot American Summer: Ten Years Later,-2017,,6.9,7784,216,
The Mummy,-2017,Action$ Adventure$ Fantasy,5.4,177592,110,$80.10M
When They See Us,-2019,Biography$ Crime$ Drama,8.9,102201,296,
45495,-2018,Crime$ Drama$ History,6.8,30905,143,
When Calls the Heart,(2014– ),Drama$ Family$ Romance,8.1,11306,43,
A Series of Unfortunate Events,(2017–2019),Adventure$ Comedy$ Drama,7.8,55753,50,
Birdman or (The Unexpected Virtue of Ignorance),-2014,,7.7,595946,119,$42.34M
RuPaul's Drag Race All Stars,(2012– ),Game-Show$ Reality-TV,8.5,6644,60,
Sophie: A Murder in West Cork,-2021,Documentary$ Crime$ History,6.9,3235,164,
Knock Knock,(I) (2015),Drama$ Thriller,4.9,87474,99,$0.04M
Madam Secretary,(2014–2019),,7.6,20755,45,
Hauru no ugoku shiro,-2004,Animation$ Adventure$ Family,8.2,351466,119,$4.71M
The Alienist,(2018–2020),Crime$ Drama$ Mystery,7.7,48646,60,
Now You See Me,(I) (2013),Crime$ Mystery$ Thriller,7.2,614056,115,$117.72M
Hell's Kitchen,(2005– ),Game-Show$ Reality-TV,7.1,19419,42,
The Ballad of Buster Scruggs,-2018,Comedy$ Drama$ Musical,7.3,130664,133,
The Lost World: Jurassic Park,-1997,Action$ Adventure$ Sci-Fi,6.6,390425,129,$229.09M
The Politician,(2019– ),,7.5,19735,42,
Marco Polo,(2014–2016),Adventure$ Drama$ History,8,67083,60,
Tattoo Redo,(2021– ),Reality-TV,5.6,232,,
Shameless,(2004–2013),Comedy$ Crime$ Drama,8,15630,90,
Top Gear,(2002– ),Adventure$ Comedy$ Reality-TV,8.6,111345,60,
Vanquish,-2021,Action$ Crime$ Thriller,2.7,3010,94,
Sweet Magnolias,(2020– ),,7.4,10096,,
Geostorm,-2017,Action$ Sci-Fi$ Thriller,5.3,99724,109,$33.70M
The Bureau of Magical Things,(2018– ),Family$ Fantasy$ Mystery,6.8,1349,25,
Rojst,(2018– ),Crime$ Drama$ Thriller,7,3471,50,
Sausage Party,-2016,Animation$ Adventure$ Comedy,6.1,181775,89,$97.69M
A Futile and Stupid Gesture,-2018,,6.8,14676,101,
Eurovision Song Contest: The Story of Fire Saga,-2020,,6.5,84242,123,
Russian Doll,(2019– ),Adventure$ Comedy$ Drama,7.9,72588,30,
Sa-rang-eui bul-sa-chak,(2019–2020),Adventure$ Comedy$ Romance,8.7,16879,70,
The Next Three Days,-2010,Action$ Crime$ Drama,7.3,189815,133,$21.15M
Maniac,-2018,Comedy$ Drama$ Sci-Fi,7.8,69384,386,
Moonlight,(I) (2016),,7.4,285273,111,$27.85M
In the Heart of the Sea,-2015,Action$ Adventure$ Biography,6.9,128605,122,$25.02M
The Babysitter: Killer Queen,-2020,,5.8,31220,101,
Final Space,(2018– ),Animation$ Action$ Adventure,8.3,36443,30,
Into the Badlands,(2015–2019),Action$ Adventure$ Drama,8,43147,42,
Firefly Lane,(2021– ),,7.4,16674,,
Manhunt,(II) (2017– ),Biography$ Crime$ Drama,8.1,54164,60,
Kingdom,(2014–2017),,8.5,16565,43,
Wet Hot American Summer: First Day of Camp,-2015,,7.4,22906,30,
Rebecca,(I) (2020),Drama$ Mystery$ Romance,6,35836,123,
Master of None,(2015– ),,8.3,70472,30,
The Stranger,(I) (2020),Crime$ Drama$ Mystery,7.3,38697,363,
Contact,-1997,Drama$ Mystery$ Sci-Fi,7.5,261289,150,$100.92M
The Kissing Booth,-2018,,6,72207,105,
Top Boy,(2011– ),Crime$ Drama$ Thriller,8.4,14832,60,
Climax,(I) (2018),Drama$ Horror$ Music,7,58051,97,$0.80M
Vivo,(I) (2021),Animation$ Adventure$ Comedy,7.3,27,95,
Gods of Egypt,-2016,Action$ Adventure$ Fantasy,5.4,109959,127,$31.15M
Mank,-2020,Biography$ Comedy$ Drama,6.9,63893,131,
Bleach: Burîchi,(2004–2012),Animation$ Action$ Adventure,8.1,46537,24,
¿Quién Mató a Sara?,(2021– ),Crime$ Drama$ Mystery,6.4,10387,,
X-Ray: Selected Satyajit Shorts,(2021– ),Crime$ Drama$ Thriller,7.2,7023,65,
The Dirt,-2019,Biography$ Comedy$ Drama,7,43022,107,
The Real Housewives of Beverly Hills,(2010– ),Reality-TV,5.1,5326,44,
Gerald's Game,-2017,Drama$ Horror$ Thriller,6.5,95660,103,
Outlaw King,-2018,Action$ Biography$ Drama,6.9,64076,121,
Another Life,(2019– ),Adventure$ Drama$ Mystery,5,25983,43,
Crazy Ex-Girlfriend,(2015–2019),Comedy$ Musical,7.8,17902,42,
Yakusoku no Neverland,(2019–2021),Animation$ Adventure$ Drama,8.5,28438,23,
He's All That,-2021,Comedy$ Romance,,,,
High School DxD,(2012–2018),Animation$ Action$ Comedy,7.6,8085,23,
Fuller House,(2016–2020),Comedy$ Family,6.7,25578,30,
Thunder Force,-2021,Action$ Adventure$ Comedy,4.4,35640,106,
The Midnight Sky,-2020,Drama$ Fantasy$ Sci-Fi,5.6,75985,118,
Breach,(IV) (2020),Action$ Horror$ Sci-Fi,3.1,10958,92,
Rosemary's Baby,-1968,Drama$ Horror,8,201472,137,
Below Deck,(2013– ),Reality-TV,7.3,2222,43,
Kung Fu Panda 3,-2016,Animation$ Action$ Adventure,7.1,141657,95,$143.53M
Bright,(I) (2017),Action$ Fantasy$ Thriller,6.3,175334,117,
H2O: Just Add Water,(2006–2010),Drama$ Family$ Fantasy,7.2,13458,23,
Colony,(2016–2018),Action$ Adventure$ Drama,7.4,32620,42,
Deep,-2021,Drama$ Mystery$ Sci-Fi,4.9,738,101,
From Dusk Till Dawn: The Series,(2014–2016),Action$ Crime$ Fantasy,6.9,19559,45,
Ender's Game,-2013,Action$ Adventure$ Fantasy,6.6,228812,114,$61.74M
Kôdo giasu - Hangyaku no rurûshu: Code Geass - Lelouch of the Rebellion,(2006–2012),Animation$ Action$ Drama,8.7,55979,24,
Alice in Borderland,(2020– ),Action$ Fantasy$ Mystery,7.7,22347,50,
Planet of the Apes,-1968,Adventure$ Sci-Fi,8,170681,112,$33.40M
Shot Caller,-2017,Crime$ Drama$ Thriller,7.3,77040,121,
Ash vs Evil Dead,(2015–2018),Action$ Comedy$ Horror,8.4,67180,30,
Pieces of a Woman,-2020,Drama,7.1,41856,126,
Yes Day,-2021,Comedy$ Family,5.7,19062,86,
The Ritual,(I) (2017),Horror$ Mystery$ Thriller,6.3,84230,94,
Force of Nature,-2020,Action$ Crime$ Drama,4.5,9016,91,
Downsizing,-2017,Drama$ Fantasy$ Sci-Fi,5.7,102222,135,$24.45M
Fruits Basket,(2019–2021),Animation$ Comedy$ Drama,8.6,3549,24,
Murder Mystery,-2019,Action$ Comedy$ Crime,6,110725,97,
Poketto monsutâ,(1997– ),Animation$ Action$ Adventure,7.5,39553,24,
Cursed,-2020,Adventure$ Drama$ Fantasy,5.9,25954,60,
Lone Survivor,-2013,Action$ Biography$ Drama,7.5,273061,121,$125.10M
Extremely Wicked$ Shockingly Evil and Vile,-2019,Biography$ Crime$ Drama,6.7,84387,110,
Henry Danger,(2014–2020),Action$ Comedy$ Family,5.7,3933,30,
Under the Dome,(2013–2015),Drama$ Mystery$ Sci-Fi,6.6,102725,43,
The Founder,-2016,Biography$ Drama,7.2,134759,115,$12.79M
Mononoke-hime,-1997,Animation$ Action$ Adventure,8.4,359473,134,$2.38M
Space Force,(2020– ),Comedy,6.7,49116,30,
Timeless,(2016–2018),Action$ Adventure$ Drama,7.7,38791,60,
Seutateueob,(2020– ),Comedy$ Drama$ Romance,8.1,5778,80,
La catedral del mar,-2018,Drama$ History,7.5,3574,55,
Beckett,-2021,Action$ Crime$ Drama,,,108,
Triple Frontier,-2019,Action$ Adventure$ Crime,6.4,115059,125,
Fondeados,-2021,Comedy,4.2,161,97,
Sweet Home,(2020– ),Drama$ Fantasy$ Horror,7.4,12428,52,
101 Dalmatians,-1996,Adventure$ Comedy$ Crime,5.7,106580,103,$136.19M
Warrior Nun,(2020– ),Action$ Drama$ Fantasy,6.9,24525,,
The Irregulars,-2021,Crime$ Drama$ Fantasy,5.9,12624,,
Party of Five,(1994–2000),Drama$ Family,6.8,9709,60,
Lilyhammer,(2012–2014),Comedy$ Crime$ Drama,8,27587,45,
Frontier,(2016–2018),Adventure$ Drama$ History,7.2,18202,60,
El Cartel de los Sapos - El Origen,(2021– ),Crime$ Drama,5.5,26,,
Rampage,-2018,Action$ Adventure$ Sci-Fi,6.1,151688,107,$101.03M
The Croods,-2013,Animation$ Adventure$ Comedy,7.2,200206,98,$187.17M
Safe,-2018,Crime$ Drama$ Mystery,7.3,34984,356,
The Firm,-1993,Drama$ Mystery$ Thriller,6.8,124972,154,$158.35M
Fauda,(2015– ),Action$ Drama$ Thriller,8.2,21689,60,
The Clovehitch Killer,-2018,Crime$ Drama$ Mystery,6.6,21572,109,$0.01M
Serebryanye konki,-2020,Adventure$ Drama$ Family,7.1,3082,130,
The Last Dance,-2020,Documentary$ Biography$ History,9.1,93041,491,
Death Wish,-2018,Action$ Crime$ Drama,6.3,68094,107,$34.02M
We Can Be Heroes,(II) (2020),Action$ Comedy$ Drama,4.7,12202,100,
The Blues Brothers,-1980,Action$ Adventure$ Comedy,7.9,188459,133,$57.23M
The Highwaymen,-2019,Biography$ Crime$ Drama,6.9,81703,132,
Unknown,(I) (2011),Action$ Mystery$ Thriller,6.8,253999,113,$63.69M
Father of the Bride Part 3 (ish),-2020,Short$ Family,7,669,26,
Somos.,-2021,Crime$ Drama$ History,7.2,726,55,
Hunt for the Wilderpeople,-2016,Adventure$ Comedy$ Drama,7.9,118166,101,$5.20M
Eliza Graves,-2014,Drama$ Horror$ Thriller,6.8,53438,112,
Shin seiki evangerion,(1995–1996),Animation$ Action$ Drama,8.5,55618,24,
Monty Python and the Holy Grail,-1975,Adventure$ Comedy$ Fantasy,8.2,513289,91,$1.23M
Unorthodox,-2020,Drama,8,65121,53,
What Happened to Monday,-2017,Action$ Crime$ Fantasy,6.9,112557,123,
The Society,-2019,Drama$ Mystery$ Sci-Fi,7.1,23081,58,
12 Monkeys,(2015–2018),Adventure$ Drama$ Mystery,7.7,42021,42,
Dirk Gently's Holistic Detective Agency,(2016–2017),Action$ Adventure$ Comedy,8.2,45519,60,
The Best of Enemies,-2019,Biography$ Drama$ History,7.2,13196,133,$10.21M
Sword Art Online,(2012– ),Animation$ Action$ Adventure,7.6,39325,24,
His House,-2020,Drama$ Horror$ Thriller,6.5,32061,93,
Troy: Fall of a City,(2018– ),Action$ Adventure$ Fantasy,3.8,12889,60,
Impractical Jokers,(2011– ),Comedy$ Reality-TV,8.5,35544,30,
Unbreakable Kimmy Schmidt,(2015–2019),Comedy,7.6,65718,30,
The Harder They Fall,-2021,Drama$ Western,,,,
Atomic Blonde,-2017,Action$ Thriller,6.7,182505,115,$51.69M
Rango,-2011,Animation$ Adventure$ Comedy,7.2,245778,107,$123.48M
The Defenders,-2017,Action$ Adventure$ Crime,7.3,94589,50,
The Lucky One,-2012,Drama$ Mystery$ Romance,6.5,103765,101,$60.46M
Hush,(I) (2016),Horror$ Thriller,6.6,112354,82,
The Order,(2019–2020),Drama$ Fantasy$ Horror,6.8,23592,60,
Santa Clarita Diet,(2017–2019),Comedy$ Horror,7.8,60032,30,
Hillbilly Elegy,-2020,Drama,6.7,37137,116,
Insatiable,(2018–2019),Comedy$ Drama$ Thriller,6.5,24221,45,
Spy Kids,-2001,Action$ Adventure$ Comedy,5.5,111413,88,$112.72M
The Boondocks,(2005–2014),Animation$ Action$ Comedy,8.4,27816,22,
White House Down,-2013,Action$ Drama$ Thriller,6.3,211395,131,$73.10M
Hemlock Grove,(2013–2015),Drama$ Fantasy$ Horror,7.1,37861,46,
Mighty Morphin Power Rangers,(1993–1996),Action$ Adventure$ Family,6.5,20874,30,
Love Island,(II) (2019– ),Reality-TV,5,615,,
Gilmore Girls: A Year in the Life,-2016,Comedy$ Drama,7.6,32877,370,
A Perfect Fit,-2021,Comedy$ Drama$ Romance,5.2,294,112,
The Human Centipede (First Sequence),-2009,Horror,4.4,75214,92,$0.18M
Explained,(2018– ),Documentary,8,7568,18,
Zenra kantoku,(2019– ),Biography$ Drama,7.7,5160,48,
Cars 3,-2017,Animation$ Adventure$ Comedy,6.7,83135,102,$152.90M
Southpaw,-2015,Action$ Crime$ Drama,7.4,223775,124,$52.42M
Disenchantment,(2018– ),Animation$ Action$ Adventure,7.2,51002,30,
The Kissing Booth 3,-2021,Comedy$ Romance,,,112,
The A-Team,-2010,Action$ Adventure$ Thriller,6.7,250321,117,$77.22M
In the Shadow of the Moon,-2019,Crime$ Mystery$ Sci-Fi,6.2,44980,115,
Steven Universe,(2013–2020),Animation$ Action$ Adventure,8.2,28064,11,
Outside the Wire,-2021,Action$ Adventure$ Fantasy,5.4,37342,114,
Below Her Mouth,-2016,Drama$ Romance,5.5,11129,94,
Girl From Nowhere,(2018– ),Crime$ Drama$ Fantasy,7.7,2703,45,
This Means War,-2012,Action$ Comedy$ Romance,6.3,179783,103,$54.76M
Shaft,-2019,Action$ Comedy$ Crime,6.4,48354,111,$21.36M
Lawrence of Arabia,-1962,Adventure$ Biography$ Drama,8.3,276605,228,$44.82M
Mars Attacks!,-1996,Comedy$ Sci-Fi,6.3,215049,106,$37.77M
Versailles,(2015–2018),Biography$ Drama$ History,7.9,14803,52,
Sweet Girl,-2021,Action$ Drama$ Thriller,,,96,
The Guernsey Literary and Potato Peel Pie Society,-2018,Drama$ Romance$ War,7.4,39672,124,
Steins;Gate,(2011–2015),Animation$ Comedy$ Drama,8.8,49834,24,
Beauty and the Beast,-1991,Animation$ Family$ Fantasy,8,425384,84,$218.97M
The SpongeBob Movie: Sponge on the Run,-2020,Animation$ Adventure$ Comedy,6,14375,91,
Finding Dory,-2016,Animation$ Adventure$ Comedy,7.3,250953,97,$486.30M
The Shannara Chronicles,(2016–2017),Adventure$ Fantasy$ Sci-Fi,7.2,56121,42,
The Wrong Missy,-2020,Comedy$ Romance,5.7,35070,90,
Kol,-2020,Crime$ Horror$ Mystery,7.1,23350,112,
Public Enemies,-2009,Biography$ Crime$ Drama,7,288097,140,$97.10M
A Second Chance: Rivals!,-2019,Drama$ Family$ Sport,5,218,89,
I Am Not Okay with This,-2020,Comedy$ Drama$ Fantasy,7.5,47433,30,
127 Hours,-2010,Biography$ Drama,7.5,357144,94,$18.34M
Army of the Dead: Lost Vegas,(2022– ),Animation$ Action$ Crime,,,,
Jurassic Park III,-2001,Action$ Adventure$ Sci-Fi,5.9,302292,92,$181.17M
Lovesick,(2014–2018),Comedy,8.1,17516,24,
Revenge,(II) (2017),Action$ Horror$ Thriller,6.4,39034,108,$0.10M
Total Recall,(I) (2012),Action$ Adventure$ Sci-Fi,6.2,244708,118,$58.88M
Happy Valley,(2014– ),Crime$ Drama,8.4,35283,58,
Barbarians,(2020– ),Action$ Adventure$ Drama,7.2,20051,280,
That Time I Got Reincarnated as a Slime,(2018– ),Animation$ Action$ Adventure,8.1,6084,25,
Vis a vis,(2015–2019),Drama$ Thriller,8.2,18606,53,
Footloose,-1984,Drama$ Music$ Romance,6.6,73935,107,$80.04M
Brand New Cherry Flavor,-2021,Drama$ Horror$ Mystery,,,,
Hell on Wheels,(2011–2016),Drama$ Western,8.3,48854,42,
Too Hot to Handle Brazil,(2021– ),Reality-TV$ Romance,5.4,124,,
Fairy Tail: Fearî teiru,(2009–2019),Animation$ Action$ Adventure,8,21958,24,
Brooklyn,-2015,Drama$ Romance,7.5,135157,117,$38.32M
Pinocchio,-2021,Animation$ Drama$ Family,,,,
On Becoming a God in Central Florida,-2019,Comedy,7.2,4580,46,
Child's Play,-2019,Drama$ Horror$ Sci-Fi,5.7,46932,90,$29.21M
The Danish Girl,-2015,Biography$ Drama$ Romance,7.1,171124,119,$11.11M
The Bad Batch,-2016,Action$ Horror$ Mystery,5.3,28243,118,$0.18M
Into the Night,(II) (2020– ),Drama$ Sci-Fi$ Thriller,7.1,23336,,
Shûmatsu no Valkyrie,(2021– ),Animation$ Action$ Adventure,6.2,3126,24,
Penguin Bloom,-2020,Drama,6.8,7309,95,
Je8ileui Bam,-2021,Horror$ Thriller,5.4,1797,115,
Now You See Me 2,-2016,Action$ Adventure$ Comedy,6.5,261079,129,$65.08M
Undercover,(2019– ),Crime$ Drama$ Thriller,7.8,12708,50,
Holidate,-2020,Comedy$ Romance,6.1,51143,104,
The Gift,(2019–2021),Drama$ Fantasy$ Mystery,7.2,19841,40,
Keeping Up with the Kardashians,(2006–2021),Drama$ Family$ Reality-TV,2.8,27754,44,
The Tourist,(I) (2010),Action$ Thriller,6,230565,103,$67.63M
The Emperor's New Groove,-2000,Animation$ Adventure$ Comedy,7.4,187523,78,$89.30M
Stateless,-2020,Drama,7.6,7693,316,
Rake,(2010–2018),Comedy$ Drama,8.5,6924,60,
Deepwater Horizon,-2016,Action$ Drama$ History,7.1,158184,107,$61.43M
Mob Psycho 100,(2016–2019),Animation$ Action$ Comedy,8.6,19553,24,
Blue Miracle,-2021,Adventure$ Biography$ Drama,6.7,4816,95,
3Below: Tales of Arcadia,(2018–2019),Animation$ Action$ Adventure,7.7,5095,24,
Finding 'Ohana,-2021,Action$ Adventure$ Comedy,6.1,8280,123,
1922,-2017,Crime$ Drama$ Horror,6.3,56699,102,
Hubie Halloween,-2020,Comedy$ Mystery,5.2,42044,103,
Hold the Dark,-2018,Action$ Drama$ Thriller,5.6,34753,125,
Boku dake ga inai machi,-2016,Animation$ Drama$ Fantasy,8.5,35113,264,
The Amazing World of Gumball,(2011–2019),Animation$ Adventure$ Comedy,8.2,24448,11,
The Dictator,-2012,Comedy,6.4,287003,83,$59.65M
Miss Fisher's Murder Mysteries,(2012–2015),Crime$ Drama$ Mystery,8.3,14457,60,
Saikojiman Gwaenchanha,-2020,Comedy$ Drama$ Romance,8.8,14079,70,
Julie and the Phantoms,(2020– ),Comedy$ Drama$ Family,8.5,7576,,
Green Room,-2015,Horror$ Thriller,7,112522,95,$3.22M
The Witcher: Nightmare of the Wolf,-2021,Animation$ Action$ Adventure,,,81,
Utopia,(I) (2013–2014),Drama$ Mystery$ Sci-Fi,8.4,43067,50,
The Post,-2017,Drama,7.2,141624,116,$81.90M
Dracula,-2020,Drama$ Horror,6.8,43668,270,
Spartacus,-1960,Adventure$ Biography$ Drama,7.9,128685,197,$30.00M
Tonari no Totoro,-1988,Animation$ Family$ Fantasy,8.2,305790,86,$1.11M
The Quick and the Dead,-1995,Action$ Romance$ Thriller,6.4,88608,107,$18.64M
I Am All Girls,-2021,Crime$ Drama$ Mystery,5.9,4331,107,
Project Power,-2020,Action$ Crime$ Sci-Fi,6,77538,113,
F Is for Family,(2015– ),Animation$ Comedy$ Drama,8,31263,30,
Salvation,(2017–2018),Drama$ Sci-Fi$ Thriller,7,19954,43,
Knocked Up,-2007,Comedy$ Romance,6.9,356979,129,$148.73M
The A List,(2018– ),Crime$ Drama$ Mystery,5.5,2333,25,
The Sandman,(2021– ),Action$ Adventure$ Drama,,,,
The White Tiger,-2021,Crime$ Drama,7.1,51960,125,
Fatal Attraction,-1987,Drama$ Thriller,6.9,79936,119,$156.65M
Malcolm & Marie,-2021,Drama$ Romance,6.7,30082,106,
Falling Inn Love,-2019,Comedy$ Romance,5.6,17284,98,
Bad Blood,(2017– ),Crime$ Drama,7.5,8238,47,
Dark Desire,(2020– ),Drama$ Mystery$ Thriller,6.4,4317,30,
Daybreak,(I) (2019),Action$ Adventure$ Comedy,6.7,17040,60,
Dreamgirls,-2006,Drama$ Music$ Musical,6.5,70985,130,$103.37M
Smokin' Aces,-2006,Action$ Comedy$ Crime,6.7,140790,109,$35.66M
Wu Assassins,-2019,Action$ Crime$ Drama,6.5,10655,44,
Serenity,-2019,Drama$ Mystery$ Thriller,5.4,38364,106,$8.55M
Time Trap,-2017,Action$ Adventure$ Mystery,6.3,32322,87,
Sorjonen,(2016–2020),Crime$ Drama$ Mystery,7.6,8460,60,
The Professor and the Madman,-2019,Biography$ Drama,7.3,39678,124,
The Gray Man,-2022,Action$ Thriller,,,,
Dynasty Warriors,-2021,Action$ Adventure$ Fantasy,4.8,1437,119,
Hotel Transylvania 3: Summer Vacation,-2018,Animation$ Adventure$ Comedy,6.3,62255,97,$167.51M
Xtremo,-2021,Action$ Crime$ Drama,5.8,3221,111,
Formula 1: Drive to Survive,(2019– ),Documentary$ Sport,8.6,26266,40,
Triple 9,-2016,Action$ Crime$ Thriller,6.3,69234,115,$12.63M
Blue Mountain State,(2010–2011),Comedy$ Sport,8.3,49898,22,
Dokutaa Sutoon,(2019– ),Animation$ Action$ Adventure,8.2,13258,23,
Knightfall,(2017–2019),Action$ Adventure$ Drama,6.8,17970,60,
Okja,-2017,Action$ Adventure$ Drama,7.3,111004,120,
On My Block,(2018– ),Comedy$ Drama,8,12097,30,
Ófærð,(2015– ),Crime$ Drama$ Mystery,8.1,17309,60,
Easy Rider,-1969,Adventure$ Drama,7.3,104511,95,$41.73M
Roman Empire,(2016– ),Documentary$ Biography$ Drama,7,6536,48,
Hollywood,-2020,Drama,7.5,32278,347,
A Walk to Remember,-2002,Drama$ Romance,7.3,203383,101,$41.23M
The Chair,(2021– ),Comedy$ Drama,,,30,
Moxie,-2021,Comedy$ Drama$ Music,6.7,20638,111,
Torchwood,(2006–2011),Action$ Drama$ Mystery,7.7,39266,50,
To All the Boys I've Loved Before,-2018,Comedy$ Drama$ Romance,7.1,94786,99,
The Silence,(II) (2019),Drama$ Horror$ Sci-Fi,5.3,40712,90,
Jurassic World: Camp Cretaceous,(2020– ),Animation$ Action$ Adventure,7.5,5414,24,
Lilo & Stitch,-2002,Animation$ Adventure$ Comedy,7.3,175052,85,$145.79M
Gypsy,-2017,Drama$ Thriller,6.8,14978,51,
Zone Blanche,(2017– ),Crime$ Drama$ Horror,7.5,8771,52,
Apostle,-2018,Drama$ Fantasy$ Horror,6.3,46866,130,
Breakfast at Tiffany's,-1961,Comedy$ Drama$ Romance,7.6,171297,115,
Operation Finale,-2018,Biography$ Drama$ History,6.6,36593,122,$17.61M
Le Guide de la famille parfaite,-2021,Comedy$ Drama,6.4,611,102,
Locke,-2013,Drama,7.1,140930,85,$1.36M
A Cinderella Story,-2004,Comedy$ Family$ Romance,5.9,82876,95,$51.44M
Glitch,(2015–2019),Drama$ Horror$ Sci-Fi,7.3,15882,45,
To Kill a Mockingbird,-1962,Crime$ Drama,8.3,301591,129,
Escape Plan,-2013,Action$ Thriller,6.7,233030,115,$25.13M
Alias Grace,-2017,Biography$ Crime$ Drama,7.7,28424,267,
Algoissjiman,(2021– ),Drama$ Romance,7.7,472,70,
Hachi: A Dog's Tale,-2009,Biography$ Drama$ Family,8.1,263445,93,
Bad Trip,-2021,Comedy,6.6,19931,86,
Sacred Games,(2018–2019),Action$ Crime$ Drama,8.6,80715,50,
Happy!,(2017–2019),Action$ Comedy$ Crime,8.2,35020,60,
Gi-eok-ui bam,-2017,Horror$ Mystery$ Thriller,7.5,24377,108,
Generazione 56K,(2021– ),Comedy$ Drama$ Romance,7.4,1200,30,
Geçen Yaz,-2021,Drama$ Romance,6.4,1663,101,
Staged,(2020–2021),Comedy$ Drama,8.6,5037,22,
Life of Brian,-1979,Comedy,8.1,378134,94,$20.05M
Control Z,(2020– ),Drama$ Thriller,6.9,5710,37,
Icarus,-2017,Documentary$ Sport,7.9,43265,120,
Blonde,(II) (2022),Biography$ Drama$ Romance,,,,
Trinkets,(2019–2020),Comedy$ Crime$ Drama,7.1,8312,30,
Criminal: UK,(2019– ),Crime$ Drama$ Thriller,7.6,15941,43,
Colombiana,-2011,Action$ Drama$ Thriller,6.4,97146,108,$36.67M
Resident Evil: The Final Chapter,-2016,Action$ Horror$ Sci-Fi,5.5,87437,107,$26.83M
The Whole Truth,-2016,Crime$ Drama$ Mystery,6.2,26541,93,
Death Note,(I) (2017),Action$ Crime$ Drama,4.4,79452,101,
Shigatsu wa kimi no uso,(2014–2015),Animation$ Drama$ Music,8.6,21095,23,
Collateral,-2018,Crime$ Drama$ Mystery,6.8,15562,230,
Hannah Montana,(2006–2011),Comedy$ Family$ Music,5.2,38015,23,
One Day at a Time,(2017–2020),Comedy$ Drama,8.2,14209,30,
Easy,(2016– ),Comedy,6.9,12779,30,
Wizards,-2020,Animation$ Action$ Adventure,8.2,2795,233,
The Poison Rose,-2019,Thriller,4.7,7413,98,
I Am Mother,-2019,Drama$ Mystery$ Sci-Fi,6.7,81421,113,
Man Like Mobeen,(2017– ),Comedy,8,1996,21,
Shtisel,(2013– ),Drama,8.6,5881,45,
My Octopus Teacher,-2020,Documentary,8.1,42025,85,
Dirty Grandpa,-2016,Comedy,5.9,117026,102,$35.59M
The Dragon Prince,(2018– ),Animation$ Adventure$ Drama,8.4,18512,26,
Late Night,-2019,Comedy$ Drama,6.5,33065,102,$15.50M
The Dark Crystal: Age of Resistance,-2019,Adventure$ Drama$ Family,8.4,22469,60,
The Ridiculous 6,-2015,Action$ Adventure$ Comedy,4.8,46072,119,
The Spy,-2019,Drama$ History,7.9,35965,53,
Tribes of Europa,(2021– ),Action$ Adventure$ Drama,6.8,10043,,
Deadly Class,(2018–2019),Action$ Adventure$ Comedy,7.6,15025,60,
#Saraitda,-2020,Action$ Drama$ Horror,6.3,30530,98,
The Duff,-2015,Comedy$ Romance,6.5,86929,101,$34.02M
Durante la tormenta,-2018,Drama$ Fantasy$ Mystery,7.4,47502,128,
You're Next,-2011,Horror$ Thriller,6.6,92232,95,$18.47M
Borgen,(2010– ),Drama,8.5,21123,58,
The Lincoln Lawyer,-2011,Crime$ Drama$ Mystery,7.3,222054,118,$58.01M
Pixels,-2015,Action$ Comedy$ Fantasy,5.5,135509,105,$78.75M
Lost Girls,-2020,Drama$ Mystery$ Thriller,6.1,18958,95,
The Ten Commandments,-1956,Adventure$ Drama,7.9,66532,220,$93.74M
Live by Night,-2016,Action$ Crime$ Drama,6.4,54010,129,$10.38M
Sabotage,-2014,Action$ Crime$ Drama,5.7,61545,109,$10.51M
Despicable Me 2,-2013,Animation$ Adventure$ Comedy,7.3,377936,98,$368.06M
Extinction,-2018,Action$ Drama$ Sci-Fi,5.8,49162,95,
Spartacus: Gods of the Arena,-2011,Action$ Adventure$ Biography,8.5,130057,331,
Oz the Great and Powerful,-2013,Adventure$ Family$ Fantasy,6.3,201707,130,$234.91M
Secret City,(2016–2019),Mystery$ Thriller,7.4,7001,49,
All the Bright Places,-2020,Drama$ Romance,6.5,24223,107,
Violet Evergarden,-2018,Animation$ Drama$ Fantasy,8.5,14942,24,
CHIPS,-2017,Action$ Comedy$ Crime,6,44487,100,$18.60M
Tuca & Bertie,(2019–2021),Animation$ Comedy,7.4,5730,26,
Mako Mermaids,(2013–2016),Adventure$ Comedy$ Drama,6.8,3445,30,
The School for Good and Evil,-2022,Action$ Drama$ Fantasy,,,,
Security,-2021,Thriller,4.9,1272,118,
Wanted,(2016–2018),Action$ Crime$ Drama,7.7,5050,60,
Malevolent,(III) (2018),Horror$ Mystery$ Thriller,4.8,11672,89,
Acts of Violence,-2018,Action$ Crime,5.3,11683,86,
The Kissing Booth 2,-2020,Comedy$ Romance,5.8,24006,134,
Da 5 Bloods,-2020,Adventure$ Drama$ War,6.5,46703,154,
Taken 3,-2014,Action$ Crime$ Thriller,6,183595,108,$89.26M
Roma,-2018,Drama,7.7,146484,135,
Out of the Furnace,-2013,Action$ Crime$ Drama,6.8,110076,116,$11.33M
October Faction,-2020,Adventure$ Drama$ Fantasy,6.2,9432,39,
Noah,-2014,Action$ Adventure$ Drama,5.7,247033,138,$101.20M
Takers,-2010,Action$ Crime$ Thriller,6.2,59882,107,$57.74M
White Lines,-2020,Crime$ Drama$ Mystery,6.6,15362,60,
Lord of War,-2005,Action$ Crime$ Drama,7.6,300344,122,$24.15M
Blue Jasmine,-2013,Comedy$ Drama,7.3,195580,98,$33.41M
Trouble,(I) (2019),Animation$ Adventure$ Comedy,5.9,2729,87,
The Expendables 2,-2012,Action$ Adventure$ Thriller,6.6,296948,103,$85.02M
SAS: Red Notice,-2021,Action$ Thriller,4.9,6563,124,
MILF,-2018,Comedy,4.7,5187,101,
Seungriho,-2021,Action$ Adventure$ Drama,6.6,20522,136,
El Chapo,(2017– ),Biography$ Crime$ Drama,7.8,16037,43,
Cuckoo,(II) (2012– ),Comedy,7.2,8399,30,
Conan the Barbarian,-2011,Action$ Adventure$ Fantasy,5.2,96638,113,$21.30M
The Loud House,-2021,Animation$ Adventure$ Comedy,,,83,
What/If,-2019,Drama$ Thriller,6.3,13714,55,
Peppa Pig,(2004– ),Animation$ Adventure$ Comedy,6.2,4125,9,
Battle of Britain,-1969,Action$ Drama$ History,7,21366,132,$4.36M
The Cloverfield Paradox,-2018,Action$ Horror$ Sci-Fi,5.5,98742,102,
Close Enough,(2020– ),Animation$ Comedy$ Drama,7.8,6457,23,
The Rain,(2018–2020),Drama$ Sci-Fi$ Thriller,6.3,32861,45,
River,-2015,Crime$ Drama$ Mystery,8,21497,60,
2067,-2020,Sci-Fi,4.9,6977,114,
Begin Again,(II) (2013),Comedy$ Drama$ Music,7.4,147794,104,$16.17M
Newness,-2017,Drama$ Romance,6.3,15240,117,
The Invitation,(I) (2015),Drama$ Mystery$ Thriller,6.6,100313,100,$0.23M
Eli,(I) (2019),Drama$ Horror$ Mystery,5.7,31499,98,
Flashdance,-1983,Drama$ Music$ Romance,6.2,49826,95,$94.90M
Hummingbird,(I) (2013),Action$ Crime$ Drama,6.2,68546,100,$0.03M
Navarasa,-2021,Drama,,,,
Still Game,(2002–2019),Comedy,8.8,6624,30,
Valeria,(2020– ),Comedy$ Drama$ Romance,6.2,3229,47,
The Musketeers,(2014–2016),Adventure$ Drama,7.8,21223,55,
Paddington 2,-2017,Animation$ Adventure$ Comedy,7.8,66462,103,$40.44M
Gake no ue no Ponyo,-2008,Animation$ Adventure$ Comedy,7.7,131204,101,$15.09M
Mechanic: Resurrection,-2016,Action$ Adventure$ Crime,5.7,79668,98,$21.22M
Hit and Run,(2021– ),Action$ Crime$ Drama,,,,
Grand Army,-2020,Drama,7.6,4640,,
Kaguya-sama wa kokurasetai ~ Tensai tachi no ren'ai zunô sen ~,(2019– ),Animation$ Comedy$ Romance,8.4,6665,24,
The English Game,(2020– ),Drama$ History$ Sport,7.6,12846,281,
Ma Rainey's Black Bottom,-2020,Drama$ Music,7,44829,94,
The Prom,-2020,Comedy$ Drama$ Musical,5.9,24451,130,
In the Tall Grass,-2019,Horror$ Mystery$ Sci-Fi,5.4,50124,101,
The Adam Project,-2022,Action$ Adventure$ Sci-Fi,,,,
Bronx,-2020,Action$ Crime$ Drama,6.1,7517,116,
Scary Movie 5,-2013,Comedy,3.5,67762,88,$32.02M
Sseulsseulhago Chalranhashin: Dokkaebi,(2016–2017),Comedy$ Drama$ Fantasy,8.6,14034,60,
The War of the Worlds,-2019,Drama$ Sci-Fi,5.1,8131,48,
The Thundermans,(2013–2018),Action$ Comedy$ Drama,5.8,4055,23,
Black Space,(2020– ),Crime$ Drama$ Thriller,6.8,1074,45,
Salem,(2014–2017),Drama$ Fantasy$ Horror,7.2,22579,60,
Kill Me Three Times,-2014,Action$ Comedy$ Crime,5.9,22359,90,$0.02M
Killers,-2010,Action$ Comedy$ Romance,5.5,89080,100,$47.06M
Teen Titans Go!,(2013– ),Animation$ Action$ Adventure,5.4,18481,10,
Cosmos: A Spacetime Odyssey,-2014,Documentary,9.3,114386,557,
White Noise,-2022,Drama$ Mystery,,,,
Trese,(2021– ),Animation$ Action$ Adventure,7.1,2521,33,
The I-Land,-2019,Adventure$ Drama$ Mystery,4.6,15743,281,
Ferry,-2021,Action$ Crime$ Drama,7,8077,106,
Seulgiroun Euisasaenghal,(2020–2021),Comedy$ Drama,8.7,2903,84,
Norsemen,(2016–2020),Comedy,7.8,15751,30,
The Valhalla Murders,(2019–2020),Crime$ Drama$ Mystery,7.1,10077,50,
Teenage Bounty Hunters,-2020,Comedy$ Crime$ Drama,7.7,9250,,
Terrifier,-2016,Horror$ Thriller,5.7,15459,82,
El desorden que dejas,-2020,Crime$ Drama$ Mystery,6.8,7362,56,
The Suite Life of Zack & Cody,(2005–2008),Comedy$ Family,6.5,33934,30,
Klaus,-2019,Animation$ Adventure$ Comedy,8.2,116438,96,
Majo no takkyûbin,-1989,Animation$ Adventure$ Drama,7.9,130851,103,
Havoc,-2022,Action$ Thriller,,,,
Hot Girls Wanted,-2015,Documentary,6.1,16677,84,
Operation Brothers,-2019,Drama$ History$ Thriller,6.6,25897,129,
My Little Pony: Friendship Is Magic,(2010–2020),Animation$ Adventure$ Comedy,7.6,19523,22,
Itaewon Keullasseu,-2020,Drama$ Romance,8.2,8028,70,
Fresh Meat,(2011–2016),Comedy$ Drama,7.8,16355,50,
The Mist,-2017,Drama$ Horror$ Mystery,5.4,23195,42,
The Fundamentals of Caring,-2016,Comedy$ Drama,7.3,65440,97,
Sharknado,(2013 TV Movie),Action$ Adventure$ Comedy,3.3,47705,86,
De slag om de Schelde,-2020,Drama$ War,7.5,1937,124,
Elize Matsunaga: Era Uma Vez Um Crime,-2021,Documentary$ Biography$ Crime,5.8,1241,197,
The Lorax,-2012,Animation$ Adventure$ Comedy,6.4,103009,86,$214.03M
Crashing,-2016,Comedy,7.7,16276,30,
The War Next-Door,(2021– ),Comedy,5.8,228,,
DARLING in the FRANXX,-2018,Animation$ Action$ Drama,7.4,6631,24,
Akame ga Kill!,-2014,Animation$ Action$ Adventure,7.8,19158,24,
Naomi Osaka,-2021,Documentary$ Biography$ Sport,6.2,760,113,
Circle,(II) (2015),Drama$ Horror$ Mystery,6,48882,87,
Alice Through the Looking Glass,-2016,Adventure$ Family$ Fantasy,6.2,98302,113,$77.04M
Continuum,(I) (2012–2015),Action$ Sci-Fi$ Thriller,7.6,58762,45,
Macbeth,(I) (2015),Drama$ History$ War,6.6,54067,113,$1.11M
Blood of Zeus,(2020– ),Animation$ Action$ Fantasy,7.5,14272,30,
Fawlty Towers,(1975–1979),Comedy,8.7,87386,30,
Flowers,(2016–2018),Comedy$ Drama,8.2,4751,30,
Over the Moon,-2020,Animation$ Adventure$ Comedy,6.4,18533,95,
Dota: Dragon's Blood,(2021– ),Animation$ Action$ Adventure,8,11971,25,
The Infiltrator,-2016,Biography$ Crime$ Drama,7,70858,127,$15.43M
Giri/Haji,-2019,Crime$ Drama$ Mystery,7.9,11847,461,
The Do-Over,-2016,Action$ Adventure$ Comedy,5.7,42672,108,
Tales of the City,-2019,Drama,7.4,6914,60,
Doom,-2005,Action$ Horror$ Sci-Fi,5.2,110028,105,$28.21M
Snabba Cash,(2021– ),Action$ Crime$ Drama,7.6,6551,52,
0.03,(2016–2020),Action$ Drama$ Sci-Fi,7.4,22943,49,
How It Ends,-2018,Action$ Adventure$ Drama,5,46842,113,
Deadly Illusions,-2021,Drama$ Thriller,3.7,10519,114,
Man Down,(2013–2017),Comedy,7.6,3520,30,
Kaze no tani no Naushika,-1984,Animation$ Adventure$ Fantasy,8.1,157520,117,$0.50M
The Last Stand,-2013,Action$ Thriller,6.3,135448,107,$12.05M
De rouille et d'os,-2012,Drama$ Romance,7.5,65455,120,$2.06M
Young Guns II,-1990,Action$ Western,6.5,33616,104,$44.14M
My Little Pony: A New Generation,-2021,Animation$ Adventure$ Comedy,,,90,
The Unicorn,(2019–2021),Comedy$ Drama$ Family,7.2,3689,22,
Pan,-2015,Adventure$ Comedy$ Family,5.7,61772,111,$35.09M
Voces,-2020,Drama$ Horror$ Mystery,6.1,11470,97,
Vikings: Valhalla,,Action$ Adventure$ Drama,,,,
The Protector,(2018–2020),Action$ Fantasy$ Sci-Fi,6.7,32936,40,
The Outsider,(I) (2018),Action$ Crime$ Drama,6.3,22393,120,
The One,(2021– ),Crime$ Drama$ Sci-Fi,6.6,10810,,
Shin seiki Evangelion Gekijô-ban: Air/Magokoro wo$ kimi ni,-1997,Animation$ Action$ Drama,8.1,43888,87,
Paranoid,-2016,Crime$ Drama$ Mystery,6.7,7413,45,
The Iceman,-2012,Biography$ Crime$ Drama,6.8,72326,106,$1.94M
Las chicas del cable,(2017–2020),Drama,7.6,12876,50,
Hannibal Rising,-2007,Action$ Adventure$ Crime,6.2,106197,121,$27.67M
Living with Yourself,(2019– ),Comedy$ Drama$ Sci-Fi,7.2,27102,26,
The Laundromat,(I) (2019),Comedy$ Crime$ Drama,6.3,46757,96,
The Package,(II) (2018),Comedy$ Thriller,5.5,15474,94,
Cocomelon,(2019– ),Animation$ Comedy$ Family,4.5,273,,
Kodachrome,-2017,Drama,6.8,14021,105,
Reckoning,-2019,Thriller,6.6,4209,460,
Mute,(II) (2018),Mystery$ Sci-Fi$ Thriller,5.5,32496,126,
Messiah,-2020,Drama$ Mystery$ Thriller,7.6,39729,43,
Mowgli,-2018,Adventure$ Drama$ Fantasy,6.5,58420,104,
Bungou Stray Dogs,(2016– ),Animation$ Action$ Comedy,7.8,3754,24,
The Day the Earth Stood Still,-2008,Drama$ Sci-Fi$ Thriller,5.5,165900,104,$79.37M
Miseuteo Shunshain,-2018,Action$ Drama$ History,8.8,5228,80,
Anon,(I) (2018),Crime$ Sci-Fi$ Thriller,6.1,40017,100,
Always Be My Maybe,-2019,Comedy$ Romance,6.8,49867,101,
Ridley Jones,(2021– ),Animation$ Adventure$ Comedy,4.8,108,27,
Suburra - La serie,(2017–2020),Action$ Crime,7.9,12933,50,
Fire Force,(2019– ),Animation$ Action$ Drama,7.7,4529,23,
The Adventures of Sharkboy and Lavagirl 3-D,-2005,Action$ Adventure$ Comedy,3.7,34853,93,$39.18M
One of Us,-2016,Drama$ Mystery$ Thriller,7,7338,231,
Taken 2,-2012,Action$ Crime$ Thriller,6.3,295140,92,$139.85M
Bonding,(2018–2021),Comedy$ Drama,7.2,14488,107,
The Last Thing He Wanted,-2020,Crime$ Drama$ Thriller,4.3,13680,115,
The Ugly Truth,-2009,Comedy$ Romance,6.4,209052,96,$88.92M
Aftermath,(IV) (2021),Drama$ Horror$ Mystery,6.5,20,114,
The Professor,-2018,Comedy$ Drama,6.7,27464,90,
Seven Seconds,-2018,Crime$ Drama,7.7,14101,60,
Kota Factory,-2019,Comedy$ Drama,9.2,52724,45,
Seishun Buta Yaro wa Bunny Girl-senpai no Yume wo Minai,(2018– ),Animation$ Drama$ Fantasy,8.2,6463,24,
The Daily Life of the Immortal King,(2020– ),Animation$ Adventure,7.4,559,18,
Dumplin',-2018,Comedy$ Drama,6.6,30553,110,
Sweet Virginia,-2017,Action$ Drama$ Thriller,6.2,9324,93,$0.01M
Making a Murderer,(2015–2018),Documentary$ Crime,8.6,89223,60,
To the Bone,(I) (2017),Drama,6.8,43863,107,
The Perfection,-2018,Drama$ Horror$ Music,6.2,38531,90,
The Sleepover,-2020,Action$ Adventure$ Comedy,5.6,9040,100,
tick$ tick...Boom!,-2021,Biography$ Drama$ Musical,,,115,
Devilman: Crybaby,-2018,Animation$ Action$ Fantasy,7.6,15076,25,
Deliver Us from Evil,(I) (2014),Action$ Biography$ Crime,6.2,73461,118,$30.58M
Set It Up,-2018,Comedy$ Romance,6.5,45957,105,
Baegabondeu,-2019,Action$ Mystery$ Thriller,8.3,5333,60,
Concrete Cowboy,-2020,Drama,6.3,7008,111,
Tae-yang-eui hoo-ye,-2016,Action$ Comedy$ Drama,8.3,11327,60,
Bimilui Soop,(2017– ),Crime$ Drama$ Mystery,8.6,6339,60,
The Human Centipede II (Full Sequence),-2011,Horror,3.8,36912,91,$0.12M
Tate no Yuusha no Nariagari,(2019– ),Animation$ Action$ Adventure,8.1,8129,24,
Kara Para Ask,(2014–2015),Action$ Crime$ Drama,7.3,5300,90,
Shadowplay,(2020– ),Drama$ Thriller,6.5,1072,45,
Selena: The Series,(2020–2021),Biography$ Drama$ Music,6.8,3948,40,
Skater Girl,-2021,Drama$ Family$ Sport,6.7,2947,107,
Calibre,-2018,Drama$ Thriller,6.8,24891,101,
Sightless,-2020,Drama$ Thriller,5.5,6552,89,
Tiny Pretty Things,(2020– ),Drama$ Mystery$ Thriller,5.9,8033,60,
Baki,(2018–2020),Animation$ Action$ Drama,6.7,4329,45,
Mudbound,-2017,Drama$ War,7.4,45231,134,
Close,(I) (2019),Action$ Drama$ Thriller,5.7,22708,94,
Dead Man Down,-2013,Action$ Crime$ Drama,6.5,65672,118,$10.88M
Sexify,(2021– ),Comedy$ Drama,6.5,4053,40,
Paradise PD,(2018– ),Animation$ Action$ Comedy,6.9,15799,28,
Selling Sunset,(2019– ),Reality-TV,6.3,3693,30,
Greenleaf,(2016–2020),Drama,7.4,4624,60,
Raising Dion,(2019– ),Drama$ Sci-Fi,7.2,9560,50,
Country Comfort,-2021,Comedy$ Drama$ Family,6.9,2617,,
Family Reunion,(2019– ),Comedy,6.6,2049,28,
A Week Away,-2021,Drama$ Family$ Musical,5.8,3565,94,
Step Up,-2006,Crime$ Drama$ Music,6.5,113232,104,$65.33M
The Social Dilemma,-2020,Documentary$ Drama,7.6,72604,94,
The Promise,(II) (2016),Action$ Adventure$ Drama,6,174181,133,
Mignonnes,-2020,Drama,3.2,28451,96,
Everything Sucks!,-2018,Comedy$ Drama,7.5,16163,30,
Night Stalker: The Hunt for a Serial Killer,-2021,Documentary$ Crime$ Mystery,7.5,20124,189,
Kakegurui,(2017– ),Animation$ Drama$ Mystery,7.2,6269,24,
The Night Comes for Us,-2018,Action$ Thriller,7,23261,121,
Child 44,-2015,Crime$ Drama$ History,6.5,67925,137,$1.21M
To All the Boys: Always and Forever,-2021,Comedy$ Drama$ Romance,6.3,19098,109,
The Flower of Evil,-2020,Crime$ Mystery$ Romance,8.8,4151,70,
Berlin Syndrome,-2017,Drama$ Horror$ Mystery,6.3,23476,116,$0.03M
Office Christmas Party,-2016,Comedy,5.9,72433,105,$54.77M
White Girl,-2016,Crime$ Drama,5.7,10127,88,$0.20M
Pine Gap,-2018,Drama$ Mystery$ Thriller,7.2,4182,360,
Cargo,(I) (2017),Drama$ Horror$ Sci-Fi,6.3,39943,105,
Away,-2020,Drama$ Romance$ Sci-Fi,6.6,22137,498,
Mercury Rising,-1998,Action$ Crime$ Drama,6.1,70935,111,$32.94M
Game Over$ Man!,-2018,Action$ Comedy,5.4,27756,101,
Friends from College,(2017–2019),Comedy$ Drama,6.9,19088,30,
Limitless,(2015–2016),Comedy$ Crime$ Drama,7.7,63498,42,
Spectral,-2016,Action$ Adventure$ Sci-Fi,6.3,55165,107,
The Siege of Jadotville,-2016,Action$ Drama$ History,7.2,35164,108,
Velvet Buzzsaw,-2019,Horror$ Mystery$ Thriller,5.7,56534,113,
Secret Obsession,-2019,Thriller,4.4,19545,97,
Don't F**k with Cats: Hunting an Internet Killer,-2019,Documentary$ Crime,8,42827,187,
Suburbicon,-2017,Comedy$ Crime$ Drama,5.7,41867,105,$5.78M
Bajocero,-2021,Action$ Adventure$ Crime,6.2,16022,106,
The Titan,-2018,Drama$ Mystery$ Romance,4.8,29407,97,
W lesie dzis nie zasnie nikt,-2020,Horror$ Thriller,4.8,8260,102,
The King: Youngwonui Gunjoo,-2020,Fantasy$ Mystery$ Romance,8.3,8068,70,
Horse Girl,(I) (2020),Drama$ Mystery$ Thriller,5.9,15901,103,
Small Town Crime,-2017,Crime$ Mystery$ Thriller,6.6,10480,91,
The Two Popes,-2019,Comedy$ Drama,7.6,113825,125,
A Fall from Grace,-2020,Drama$ Fantasy$ Thriller,5.9,13360,120,
Alexa & Katie,(2018–2020),Comedy$ Drama,7.5,3660,25,
Goosebumps,(1995–1998),Family$ Fantasy$ Horror,7.7,12427,22,
The Italian Job,-1969,Action$ Comedy$ Crime,7.3,43775,99,
Better Watch Out,(II) (2016),Comedy$ Horror$ Thriller,6.5,33703,89,$0.02M
Safe,(I) (2012),Action$ Crime$ Thriller,6.5,106164,94,$17.14M
Love Wedding Repeat,-2020,Comedy$ Romance,5.5,18758,100,
Killerman,-2019,Action$ Crime$ Thriller,5.4,4495,112,$0.28M
Blitz,-2011,Action$ Crime$ Thriller,6.2,83777,97,
The Devil's Own,-1997,Action$ Crime$ Drama,6.2,62161,111,$42.87M
Kaze tachinu,-2013,Animation$ Biography$ Drama,7.8,77732,126,$5.21M
Monster,(II) (2018),Crime$ Drama,6.5,4559,98,
The Boss Baby: Back in Business,(2018–2021),Animation$ Adventure$ Comedy,6.5,2948,25,
Spinning Out,-2020,Drama$ Sport,7.6,11776,48,
Tenkû no shiro Rapyuta,-1986,Animation$ Adventure$ Drama,8,155408,125,
I Don't Feel at Home in This World Anymore,-2017,Comedy$ Crime$ Drama,6.9,52197,93,
The Meyerowitz Stories (New and Selected),-2017,,6.9,45047,112,
Alta mar,(2019–2020),Crime$ Drama$ Mystery,6.8,6483,50,
Super Dark Times,-2017,Crime$ Drama$ Horror,6.6,20965,103,$0.03M
Clickbait,-2021,Crime$ Drama$ Mystery,,,,
Zwartboek,-2006,Drama$ Thriller$ War,7.7,74139,145,$4.40M
The Half of It,(I) (2020),Comedy$ Drama$ Romance,6.9,31488,104,
Flaked,(2016– ),Comedy$ Drama$ Romance,7.2,10782,30,
Before I Wake,-2016,Drama$ Fantasy$ Horror,6.2,42362,97,
Gwimul,(2021– ),Drama$ Mystery$ Thriller,8.2,1153,70,
Someone Great,-2019,Comedy$ Romance,6.2,19530,92,
Feel the Beat,-2020,Comedy$ Drama$ Family,6.3,9400,109,
See No Evil$ Hear No Evil,-1989,Comedy$ Crime,6.9,51788,103,$46.91M
Aseudal Yeondaegi,(2019– ),Action$ Drama$ Fantasy,8.4,3266,80,
Dare Me,(2019–2020),Crime$ Mystery$ Thriller,6.7,4049,42,
Dolemite Is My Name,-2019,Biography$ Comedy$ Drama,7.3,56613,118,
Le Bazar de la Charité,-2019,Drama$ History,7.7,3736,48,
Beasts of No Nation,-2015,Drama$ War,7.7,76530,137,$0.08M
Killjoys,(2015–2019),Action$ Adventure$ Sci-Fi,7.2,20794,42,
Don't Trust the B---- in Apartment 23,(2012–2013),Comedy,7.3,35329,22,
Vivir sin permiso,(2018–2020),Drama,7.5,3769,75,
We Summon the Darkness,-2019,Horror$ Music$ Thriller,5.2,8597,91,
Voltron: Legendary Defender,(2016–2018),Animation$ Action$ Adventure,8.1,8043,23,
Kalifat,(2020– ),Crime$ Drama$ Thriller,8.2,15200,46,
Final Score,-2018,Action$ Drama$ Thriller,5.8,10598,104,
Sick Note,(2017–2018),Comedy$ Crime,6.8,6468,30,
When We First Met,-2018,Comedy$ Fantasy$ Romance,6.4,44822,97,
Myth & Mogul: John DeLorean,(2021– ),Documentary$ Biography$ Crime,7,213,,
Isn't It Romantic,-2019,Comedy$ Fantasy$ Musical,5.9,65584,89,$48.79M
Great News,(2017–2018),Comedy,7,5958,22,
Karppi,(2018–2020),Crime$ Drama$ Mystery,7.2,7267,45,
La trêve,(2016– ),Crime$ Drama$ Thriller,7.6,5936,52,
Red Dot,-2021,Drama$ Horror$ Thriller,5.5,11555,86,
The Midnight Gospel,(2020– ),Animation$ Adventure$ Comedy,8.2,13931,23,
Rise of Empires: Ottoman,-2020,Documentary$ Drama$ History,7.9,20016,44,
Ludo,-2020,Action$ Comedy$ Crime,7.6,33766,149,
Derek,(2012–2014),Comedy$ Drama,8,29242,23,
Tyrant,(2014–2016),Action$ Drama$ Thriller,7.8,22324,60,
Athlete A,-2020,Documentary$ Crime$ Sport,7.6,8827,103,
Verónica,(I) (2017),Horror,6.2,37751,105,
Chambers,-2019,Drama$ Fantasy$ Horror,6.5,7794,60,
The Frankenstein Chronicles,(2015–2017),Crime$ Drama$ Fantasy,7.3,10591,48,
The Ghost Writer,-2010,Crime$ Drama$ Mystery,7.2,159090,128,$15.54M
The Boy Who Harnessed the Wind,-2019,Biography$ Drama$ History,7.6,32661,113,
Hoo-goong: Je-wang-eui cheob,-2012,Drama$ History$ Romance,6.1,1756,122,
War Machine,-2017,Comedy$ Drama$ War,6,43574,122,
Traitors,-2019,Thriller,6.6,2568,60,
Welcome Home,(I) (2018),Thriller,5.2,6846,97,
Big Timber,(2020– ),Reality-TV,6.5,333,,
The Good Cop,-2018,Comedy$ Crime$ Drama,7.1,5172,60,
Chen qing ling,-2019,Action$ Adventure$ Drama,9,4650,50,
Batman: The Movie,-1966,Adventure$ Comedy$ Crime,6.5,30610,105,
Dark Places,-2015,Crime$ Drama$ Mystery,6.2,43273,113,
6 Days,(I) (2017),Action$ Drama$ History,6.2,19869,94,
Toy Boy,-2019,Crime$ Drama$ Thriller,6.4,5774,,
The Hour,(2011–2012),Drama,8,9753,60,
Tall Girl,-2019,Comedy$ Drama$ Family,5.2,19380,101,
The Real Housewives of New York City,(2008– ),Reality-TV,4.5,3254,44,
Being Human,(2008–2013),Comedy$ Drama$ Fantasy,7.8,24392,60,
Psycho-Pass,(2012– ),Animation$ Action$ Crime,8.2,16859,25,
Cam,-2018,Drama$ Horror$ Mystery,5.9,28739,94,
Kono subarashii sekai ni shukufuku o!,(2016–2017),Animation$ Adventure$ Comedy,7.8,7626,24,
Leyla ile Mecnun,(2011–2021),Adventure$ Comedy$ Drama,9.1,90655,80,
Boyka: Undisputed IV,(2016 Video),Action$ Drama$ Sport,7,26802,86,
V-Wars,-2019,Drama$ Horror$ Sci-Fi,6.1,12690,60,
Between Two Ferns: The Movie,-2019,Comedy,6.1,28298,82,
Sijipeuseu: The Myth,(2021– ),Action$ Drama$ Fantasy,7.1,2359,70,
A Perfect Ending,-2012,Drama$ Romance,5.7,4044,110,
Das schaurige Haus,-2020,Drama$ Family$ Fantasy,5.4,2713,100,
Nightflyers,-2018,Drama$ Horror$ Mystery,5.9,12288,60,
Hotel Del Luna,-2019,Drama$ Fantasy$ Horror,8.2,4854,80,
The Baby-Sitters Club,(2020– ),Comedy$ Drama$ Family,7.4,2599,,
Rim of the World,-2019,Action$ Adventure$ Comedy,5.2,20693,98,
Crossing Lines,(2013–2015),Action$ Crime$ Drama,7.3,12545,43,
We Bare Bears,(2014–2019),Animation$ Adventure$ Comedy,7.9,12975,30,
The Saint,(2017 TV Movie),Action$ Adventure$ Crime,4.9,6077,91,
Night in Paradise,-2020,Action$ Crime$ Drama,6.7,4668,131,
Ezel,(2009–2011),Crime$ Drama$ Thriller,8.6,29151,90,
Kimbiseoga wae geureolkka,-2018,Comedy$ Mystery$ Romance,8.1,7696,60,
Amar,-2017,Drama$ Romance,5.2,4083,105,
Le convoyeur,-2004,Action$ Crime$ Drama,6.6,3525,95,
Soupçons,(2004–2018),Documentary$ Crime$ Drama,7.9,20200,629,
Valley of the Dolls,-1967,Drama$ Music$ Romance,6,7900,123,$44.43M
Tidelands,-2018,Crime$ Drama$ Fantasy,7,7104,60,
The Shack,(I) (2017),Drama$ Fantasy,6.3,31775,132,$57.39M
To the Lake,(I) (2019),Drama$ Sci-Fi$ Thriller,7.3,10507,,
Escape From Spiderhead,-2021,Action$ Mystery$ Sci-Fi,,,,
Yakuza and the Family,-2020,Crime$ Drama,7,1192,136,
Maggie,(I) (2015),Drama$ Horror$ Sci-Fi,5.6,42895,95,$0.19M
Broken City,-2013,Action$ Crime$ Drama,6.2,77749,109,$19.70M
Delhi Crime,(2019– ),Crime$ Drama,8.5,15928,50,
La Mante,-2017,Crime$ Drama$ Thriller,7.4,12210,52,
Step Up 2: The Streets,-2008,Drama$ Music$ Romance,6.2,82792,98,$58.02M
Move to Heaven,(2021– ),Drama,8.7,2598,60,
Baby,(2018–2020),Drama,6.8,9336,50,
L'incredibile storia dell'Isola delle Rose,-2020,Adventure$ Comedy$ Drama,7,16127,117,
Jeopardy!,(1984– ),Game-Show,8.2,6528,30,
Miracle in Cell No. 7,-2019,Drama,8.2,41099,132,
Contraband,-2012,Action$ Crime$ Drama,6.4,119261,109,$66.53M
The Client,-1994,Crime$ Drama$ Mystery,6.7,62748,119,$92.12M
Mirror Mirror,(I) (2012),Adventure$ Comedy$ Drama,5.6,85615,106,$64.94M
Otherhood,-2019,Comedy,6.1,10213,100,
A.N.T. Farm,(2011–2014),Comedy$ Drama$ Family,5.1,6347,30,
Chappelle's Show,(2003–2006),Comedy$ Music,8.7,57671,22,
You Me Her,(2016–2020),Comedy$ Drama$ Romance,7,9698,28,
Heist,(III) (2015),Action$ Crime$ Drama,6.1,28949,93,
Órbita 9,-2017,Drama$ Romance$ Sci-Fi,5.9,7123,95,
Bitten,(2014–2016),Drama$ Fantasy$ Horror,7,16925,44,
The World's Most Amazing Vacation Rentals,(2021– ),Reality-TV,6.6,685,,
Black Mirror: Bandersnatch,-2018,Drama$ Fantasy$ Mystery,7.1,118074,90,
Johnny Test,(2005– ),Animation$ Action$ Adventure,5.1,7357,30,
I Spit on Your Grave 2,-2013,Horror$ Thriller,5.7,28118,106,$0.00M
The Boys in the Band,-2020,Drama,6.8,13250,121,
Une fille facile,-2019,Comedy$ Drama,5.6,4398,92,
The Great Gatsby,-1974,Drama$ Romance,6.4,24087,144,$6.74M
Mimi wo sumaseba,-1995,Animation$ Drama$ Family,7.9,55741,111,
Rebecka Martinsson,(2017– ),Crime$ Drama$ Mystery,7.2,2356,45,
Avengement,(I) (2019),Action$ Crime,6.6,12996,87,
Thelma,-2017,Drama$ Fantasy$ Horror,7,28282,116,$0.15M
Step Up 3D,-2010,Drama$ Music$ Romance,6.2,56610,107,$42.40M
Seaspiracy,-2021,Documentary$ Adventure,8.2,25217,89,
Drop Dead Diva,(2009–2014),Comedy$ Drama,7.4,18697,60,
High-Rise Invasion,(2021– ),Animation$ Action$ Horror,6.7,1836,25,
La casa de las flores,(2018–2020),Comedy$ Drama,7.6,7172,60,
Eung-dab-ha-ra 1988,(2015–2016),Comedy$ Drama$ Family,9.1,4663,90,
Triple Threat,-2019,Action$ Thriller,5.6,10345,96,$0.08M
Are You the One?,(2014– ),Reality-TV,6.5,2061,41,
Dogs of Berlin,(2018– ),Action$ Crime$ Drama,7.6,11304,542,
Dash & Lily,(2020– ),Comedy$ Drama$ Romance,7.5,12908,,
Rebellion,(2016–2019),Drama$ History$ War,7.2,3096,258,
The Willoughbys,-2020,Animation$ Adventure$ Comedy,6.4,15654,90,
Inuyasha,(2000–2004),Animation$ Action$ Adventure,7.9,15149,24,
Gyeongiroun Somun,(2020– ),Action$ Fantasy$ Horror,8.2,3546,65,
Cidade Invisível,(2021– ),Crime$ Drama$ Fantasy,7.4,4641,60,
Kidô senshi Gandamu: Senkô no Hasauei,-2021,Animation$ Action$ Drama,6.8,734,95,
Quicksand,-2019,Crime$ Drama$ Mystery,7.5,18397,45,
Mine,(2021– ),Drama$ Mystery,7.8,580,70,
Thomas the Tank Engine & Friends,(1984–2021),Animation$ Adventure$ Comedy,6.6,4153,11,
RH Project,-2021,Documentary$ Crime$ History,7,6171,239,
Sand Castle,-2017,Action$ Drama$ War,6.3,21056,113,
The Courier,-2019,Action$ Crime$ Drama,4.8,8955,99,
Capitani,(2019–2020),Crime$ Drama$ Mystery,6.6,3305,312,
Prime Time,-2021,Drama$ Thriller,5.3,1257,93,
Power Rangers: Dino Fury,-2021,Action$ Adventure$ Comedy,6.7,234,21,
Kari-gurashi no Arietti,-2010,Animation$ Adventure$ Family,7.6,84951,94,$19.20M
Fate/Zero,(2011–2012),Animation$ Action$ Drama,8.3,11162,24,
Yasuke,(2021– ),Animation$ Action$ Adventure,6.2,3807,30,
Summertime,(2020– ),Drama$ Romance,5.5,2111,40,
Jagame Thandhiram,-2021,Action$ Crime$ Drama,6,10209,158,
Gakuen mokushiroku: HIGHSCHOOL OF THE DEAD,-2010,Animation$ Action$ Drama,7.2,11708,24,
Dragons: Race to the Edge,(2015–2018),Animation$ Action$ Adventure,8.3,5220,22,
The Lovebirds,-2020,Action$ Comedy$ Crime,6.1,23179,86,
Dangerous Lies,-2020,Drama$ Mystery$ Thriller,5.3,15360,96,
This Is Pop,(2021– ),Music,6.9,680,44,
White Gold,(2017–2019),Comedy,7.4,9957,30,
The Killer,(I),Action$ Crime$ Drama,,,,
Hagane no renkinjutsushi,-2017,Action$ Adventure$ Fantasy,5.2,19082,135,
Mosul,(I) (2019),Action$ Drama$ War,7.2,23325,86,
Radium Girls,-2018,Drama$ History,6.2,1188,102,
The Crew,(II) (2021),Comedy,6.6,4478,,
The Devil Next Door,-2019,Documentary$ Crime$ History,7.6,11484,229,
Step Up Revolution,-2012,Drama$ Music$ Romance,6.4,54763,99,$35.07M
Damnation,(2017–2018),Crime$ Drama$ Western,7.7,7430,60,
Heartbreak High,(1994–1999),Drama$ Romance,7.8,2870,50,
Bad Day for the Cut,-2017,Action$ Crime$ Drama,6.5,7311,99,
Hustle,(III),Comedy$ Drama$ Sport,,,,
Raketsonyeondan,(2021– ),Comedy$ Drama$ Sport,1.1,25629,80,
The Girl with All the Gifts,-2016,Action$ Adventure$ Drama,6.6,56940,111,
The Letter for the King,(2020– ),Action$ Adventure$ Family,5.9,6661,,
Bir Baskadir,(2020– ),Drama$ Thriller,8.6,23472,49,
Hellsing Ultimate,(2006–2012),Animation$ Action$ Fantasy,8.3,20818,50,
Black Lagoon,-2006,Animation$ Action$ Adventure,8,13031,25,
Kurenai no buta,-1992,Animation$ Adventure$ Comedy,7.7,81880,94,
Fast & Furious Spy Racers,(2019– ),Animation$ Action$ Crime,5.5,1148,23,
Wild Wild Country,-2018,Documentary$ Crime,8.1,26746,403,
AJ and the Queen,-2020,Adventure$ Comedy$ Drama,7.5,7137,52,
The Discovery,(I) (2017),Drama$ Romance$ Sci-Fi,6.3,31299,102,
Young Wallander,(2020– ),Crime$ Drama$ Mystery,6.8,7280,,
Boiseu,(2017–2021),Action$ Crime$ Mystery,7.7,1496,60,
What Keeps You Alive,-2018,Horror$ Thriller,5.7,7489,98,
A Prayer Before Dawn,-2017,Action$ Biography$ Crime,6.9,21815,116,
Go-Toubun no Hanayome,(2019– ),Animation$ Comedy$ Drama,7.6,2691,24,
Midnight Mass,(2021– ),Drama$ Horror$ Mystery,,,40,
Hogar,-2020,Adventure$ Drama$ Thriller,6.4,15329,103,
Our Planet,-2019,Documentary,9.3,36473,403,
Shaman King,(2021– ),Animation$ Action$ Adventure,7.7,412,23,
Cowboy Bebop,(2021– ),Action$ Adventure$ Crime,,,,
Tau,-2018,Sci-Fi$ Thriller,5.8,28732,97,
Isekai Mao to Shokan Shojo no Dorei Majutsu,(2018– ),Animation$ Adventure$ Comedy,7.1,2350,24,
World on Fire,(2019– ),Drama$ War,7.3,4473,57,
Badla,-2019,Crime$ Drama$ Mystery,7.8,24679,118,
El practicante,-2020,Action$ Adventure$ Crime,5.6,10363,94,
DC Super Hero Girls,(2019– ),Animation$ Action$ Adventure,7.1,950,11,
American Murder: The Family Next Door,-2020,Documentary$ Crime,7.2,22404,83,
Requiem,-2018,Drama$ Fantasy$ Mystery,6.5,5813,60,
Dear White People,(2017–2021),Comedy$ Drama,6.2,23061,30,
Cloudy with a Chance of Meatballs 2,-2013,Animation$ Adventure$ Comedy,6.4,94660,95,$119.79M
Gekijouban Violet Evergarden,-2020,Animation$ Drama$ Fantasy,8.5,1755,140,
Then Came You,-2018,Adventure$ Comedy$ Drama,7,10857,97,
Monty Python's Flying Circus,(1969–1974),Comedy,8.8,69552,30,
Somewhere Between,-2017,Drama$ Mystery$ Sci-Fi,6.3,5153,41,
Ascension,-2014,Drama$ Sci-Fi,7.2,17926,231,
Wasp Network,-2019,Crime$ Drama$ Thriller,5.9,9135,127,
Gumihodyeon,(2020– ),Fantasy$ Horror$ Romance,8,2489,70,
Brooklyn's Finest,-2009,Action$ Crime$ Drama,6.7,61994,132,$27.15M
Ride or Die,(III) (2021),Drama$ Romance$ Thriller,5.5,1261,142,
Señora Acero,(2014–2019),Crime$ Drama$ Romance,7.1,309,,
The Guilty,-2021,Action$ Adventure$ Crime,,,90,
Lab Rats,(2012–2016),Action$ Comedy$ Drama,6.6,5125,22,
The Last Days of American Crime,-2020,Action$ Crime$ Drama,3.7,10337,148,
Byeol-e-seo on geu-dae,(2013–2014),Comedy$ Drama$ Fantasy,8.2,10146,60,
Mirrors,(I) (2008),Horror$ Mystery,6.1,103973,110,$30.69M
Earthquake Bird,-2019,Crime$ Drama$ Mystery,5.9,13305,107,
The Stand In,-2020,Comedy$ Drama,4.7,2636,101,
Luchshe$ chem lyudi,(2018–2019),Drama$ Sci-Fi,7.4,7450,52,
Noragami,(2014–2016),Animation$ Action$ Adventure,7.9,12511,24,
Honeymoon,-2014,Drama$ Fantasy$ Horror,5.7,24861,87,$0.01M
Point Blank,-2019,Action$ Crime$ Drama,5.7,13085,86,
Touch of Evil,-1958,Crime$ Drama$ Film-Noir,8,100664,95,$2.24M
Matilda,-2022,Comedy$ Drama$ Family,,,,
To All the Boys: P.S. I Still Love You,-2020,Comedy$ Drama$ Romance,6,32367,101,
True Story,(I) (2015),Biography$ Crime$ Drama,6.3,65679,99,$4.72M
The Salisbury Poisonings,-2020,Drama$ History$ Thriller,7.2,4049,58,
Dorohedoro,(2020– ),Animation$ Action$ Comedy,8.2,6163,25,
Mortel,(2019–2021),Crime$ Drama$ Fantasy,6.6,1175,40,
Planes,-2013,Animation$ Adventure$ Comedy,5.7,43335,91,$90.29M
Kiru ra kiru: KILL la KILL,(2013–2014),Animation$ Action$ Comedy,7.9,11962,25,
Work It,-2020,Comedy$ Music,6.1,10977,93,
The F**k-It List,-2020,Comedy,5.1,5144,103,
Law School,(2021– ),Crime$ Drama$ Mystery,8.2,1201,65,
Sentinelle,-2021,Action$ Crime$ Drama,4.7,6853,80,
Little Evil,-2017,Comedy$ Horror,5.7,19827,94,
Freud,(2020– ),Crime$ History$ Thriller,6.5,10568,55,
Toradora!,(2008–2009),Animation$ Comedy$ Drama,8,12030,24,
Goblin Slayer,(2018– ),Animation$ Action$ Adventure,7.5,5711,30,
Wine Country,-2019,Adventure$ Comedy$ Drama,5.5,19850,103,
Sigeuneol,-2016,Crime$ Drama$ Fantasy,8.6,5077,80,
Shutter,(II) (2004),Horror$ Mystery$ Thriller,7.1,42532,97,
Pooreun Badaui Junsul,(2016–2017),Comedy$ Fantasy$ Romance,8.1,6582,60,
Monarca,(2019–2021),Drama,7.9,2801,43,
Marianne,-2019,Drama$ Horror$ Mystery,7.5,12784,50,
Madame Claude,-2021,Biography$ Crime$ Drama,5.4,2642,112,
Gojira shingyura pointo,(2021– ),Animation$ Action$ Adventure,6.6,1054,24,
Creep 2,-2017,Crime$ Drama$ Horror,6.5,21809,78,
Bap Jal Sajuneun Yeppeun Nuna,-2018,Drama$ Romance,8.1,4330,75,
Omoide no Mânî,-2014,Animation$ Drama$ Family,7.7,35523,103,$0.77M
The One I Love,-2014,Comedy$ Drama$ Romance,7.1,37373,91,$0.51M
Running with the Devil,-2019,Crime$ Drama$ Thriller,5.4,7026,100,
The Circle,(2020– ),Game-Show$ Reality-TV,7.3,5276,48,
Jeepers Creepers 3,-2017,Horror,3.9,19260,100,$2.24M
Avlu,(2018– ),Crime$ Drama,7.2,1377,120,
Love & Anarchy,(2020– ),Comedy$ Drama$ Romance,7.4,6788,30,
Free Rein,(2017–2019),Action$ Adventure$ Comedy,7.3,1798,26,
Tiempos de guerra,-2017,Drama$ Fantasy$ Horror,7.6,2724,70,
Geronimo: An American Legend,-1993,Drama$ History$ Western,6.5,10096,115,$18.64M
Shimmer Lake,-2017,Crime$ Drama$ Mystery,6.3,12857,86,
È stata la mano di Dio,-2021,Drama,,,130,
Wounds,-2019,Drama$ Horror$ Mystery,4,17232,95,
The Immigrant,-2013,Drama$ Romance,6.6,30649,120,$2.01M
Wake Up,(III) (2019),Action$ Crime$ Thriller,5,2995,92,
The Liberator,(2020– ),Animation$ Action$ Drama,7.6,5219,,
The Worst Witch,(2017– ),Family$ Fantasy,7.3,2087,30,
Geunyeoui Sasaenghwal,-2019,Comedy$ Romance,7.7,2222,75,
The Mercy,-2017,Adventure$ Biography$ Drama,6,7898,112,
Step Up All In,-2014,Drama$ Music$ Romance,6,33247,112,$14.90M
The Last Summer,-2019,Comedy$ Romance,5.6,12059,109,
La forêt,-2017,Crime$ Drama,7.2,8878,313,
Animal Crackers,-2017,Animation$ Adventure$ Comedy,5.8,2881,105,
Pacific Rim,(2021– ),Animation$ Action$ Adventure,7.1,3533,24,
Kipo and the Age of Wonderbeasts,-2020,Animation$ Action$ Adventure,8.4,3925,24,
The Upshaws,(2021– ),Comedy,6.9,1810,,
Kadaver,-2020,Drama$ Horror$ Thriller,5.1,8104,86,
Naked,(I) (2017),Comedy$ Fantasy$ Romance,5.4,18249,96,
Let It Snow,-2019,Comedy$ Romance,5.8,18925,92,
Mr. Iglesias,(2019–2020),Comedy,7.1,5988,30,
Parfum,-2018,Drama$ Thriller,7.1,7762,45,
Hilda,(2018–2020),Animation$ Adventure$ Comedy,8.6,8072,24,
Nayattu,-2021,Thriller,8.2,4887,124,
Aunty Donna's Big Ol' House of Fun,(2020– ),Comedy,8,5312,20,
Marauders,-2016,Action$ Crime$ Thriller,5.5,21162,107,
The Woods,-2020,Crime$ Drama$ Mystery,6.5,4702,306,
The K2,-2016,Drama$ Romance$ Thriller,7.8,4433,60,
Greenhouse Academy,(2017–2020),Drama,6.9,5351,25,
I Still See You,-2018,Fantasy$ Horror$ Sci-Fi,5.8,9078,98,
Neko no ongaeshi,-2002,Animation$ Adventure$ Comedy,7.2,51774,75,
El baile de los 41,-2020,Biography$ Drama$ History,6.8,3017,99,
Demain tout commence,-2016,Comedy$ Drama,7.4,24703,118,
Take Me,-2017,Comedy$ Crime$ Mystery,6.1,5088,83,$0.00M
Meteor Garden,(2018– ),Drama$ Romance,8.1,3217,45,
Paranormal,(2020– ),Drama$ Fantasy$ Horror,8.5,69190,45,
IO,-2019,Adventure$ Drama$ Sci-Fi,4.7,32372,96,
Kyle XY,(2006–2009),Drama$ Mystery$ Romance,7.4,28464,60,
Nakitai watashi wa neko o kaburu,-2020,Animation$ Adventure$ Family,6.7,7045,104,
Borgia,(2011–2014),Biography$ Drama$ History,7.8,6257,52,
Un long dimanche de fiançailles,-2004,Drama$ Mystery$ Romance,7.6,71916,133,$6.17M
Dangshini Jamdeun Saie,-2017,Comedy$ Drama$ Fantasy,8.4,5066,30,
Kokuriko-zaka kara,-2011,Animation$ Drama$ Family,7.4,38625,91,$1.00M
Extremely Loud & Incredibly Close,-2011,Adventure$ Drama$ Mystery,6.9,99165,129,$31.85M
Red Riding Hood,-2011,Fantasy$ Horror$ Mystery,5.5,109473,100,$37.66M
Mirai nikki,(2011–2013),Animation$ Action$ Drama,7.6,15313,25,
Tengen toppa gurren lagann,(2007–2008),Animation$ Action$ Adventure,8.3,15693,24,
Mystery Science Theater 3000,(1988–1999),Comedy$ Sci-Fi,8.5,23491,92,
Suite Française,-2014,Drama$ Romance$ Thriller,7,24684,107,
El dragón,(2019–2020),Action$ Adventure$ Drama,7,1611,45,
Ajeeb Daastaans,-2021,Drama$ Romance,6.7,4649,142,
Portlandia,(2011–2018),Comedy,7.8,19065,22,
Tiger King: Murder$ Mayhem and Madness,-2020,Documentary$ Biography$ Crime,7.5,70207,358,
Fatma,(2021– ),Crime$ Drama$ Thriller,7.5,6618,40,
Vampires vs. the Bronx,-2020,Comedy$ Horror,5.6,8618,85,
Get Rich or Die Tryin',-2005,Biography$ Crime$ Drama,5.4,45092,117,$30.98M
Rita,(2012–2020),Comedy$ Drama,8.1,8057,40,
Hit and Run,(I) (2012),Action$ Adventure$ Comedy,6.1,35252,100,$13.75M
Ask 101,(2020– ),Comedy$ Drama$ Romance,7.5,10299,40,
Pagglait,-2021,Comedy$ Drama,6.9,7609,114,
The Girl on the Train,-2021,Crime$ Drama$ Mystery,4.4,7821,120,
Unsolved Mysteries,(2020– ),Documentary$ Crime$ Mystery,7.3,8190,45,
Rocco,-2016,Documentary,5.7,3700,105,
Duck Butter,-2018,Comedy$ Drama$ Romance,5.3,3531,93,$0.01M
Liu lang di qiu,-2019,Action$ Adventure$ Sci-Fi,6,28264,125,$5.88M
Philomena,-2013,Biography$ Comedy$ Drama,7.6,96244,98,$37.71M
Brain on Fire,-2016,Biography$ Drama,6.6,19354,88,
Vexed,(2010–2012),Comedy$ Crime$ Mystery,7.3,3263,60,
Wanderlust,(2018– ),Drama,7.1,4825,60,
Secret Magic Control Agency,-2021,Animation$ Adventure$ Comedy,6.2,2848,103,
T-34,-2018,Action$ War,6.7,10546,139,
Queer Eye,(2018– ),Reality-TV,8.5,16094,45,
Republic of Doyle,(2010–2014),Comedy$ Crime$ Drama,7.4,3553,60,
Naui Ajusshi,-2018,Drama$ Family,9.1,3944,70,
Alvin and the Chipmunks: The Squeakquel,-2009,Animation$ Adventure$ Comedy,4.5,45491,88,$219.61M
Glow Up: Britain's Next Make-Up Star,(2019– ),Reality-TV,6.8,1440,60,
La nuée,-2020,Drama$ Fantasy$ Horror,6.5,338,101,
The Bletchley Circle,(2012–2014),Crime$ Drama$ Mystery,7.9,11331,45,
The Windsors,(2016– ),Comedy,7.1,2383,30,
Alguien tiene que morir,-2020,Crime$ Drama$ Thriller,6.3,3959,149,
In the Name of the King: A Dungeon Siege Tale,-2007,Action$ Adventure$ Fantasy,3.8,46327,127,$4.54M
Dancing Queens,-2021,Comedy$ Drama,5.5,1156,110,
The Little Mermaid,-2018,Adventure$ Drama$ Fantasy,4.3,8546,85,$7.15M
The Spectacular Spider-Man,(2008–2009),Animation$ Action$ Adventure,8.2,11421,23,
The Lost Pirate Kingdom,(2021– ),Documentary$ Adventure$ Drama,6.6,2134,,
Joahamyeon Ullineun,(2019–2021),Comedy$ Drama$ Romance,7.1,3786,50,
Sniper: Ghost Shooter,(2016 Video),Action$ Drama$ Thriller,5.4,3512,99,
Jinsimi Dadda,-2019,Comedy$ Romance,7.7,1942,60,
Miss Bala,-2019,Action$ Crime$ Drama,5.8,10048,104,$15.01M
John Dies at the End,-2012,Comedy$ Fantasy$ Horror,6.4,37007,99,$0.14M
Kengan Ashura,(2019– ),Animation$ Action,8,3836,24,
Passing,(I) (2021),Drama,7,200,98,
Fire with Fire,(II) (2012),Action$ Thriller,5.6,25743,97,
Ki Hwanghoo,(2013–2014),Action$ Drama$ History,8.5,2072,,
No Good Nick,-2019,Comedy$ Family,6,2486,30,
Desperados,-2020,Comedy$ Romance,5.2,9291,105,
My Amanda,-2021,Drama$ Romance,5.7,214,89,
The Week Of,-2018,Comedy,5.2,20005,116,
Scarface,-1932,Action$ Crime$ Drama,7.8,26365,93,
Jugar con Fuego,(2019– ),Drama,5.9,768,,
The Gabby Douglas Story,(2014 TV Movie),Biography$ Drama$ Sport,7,1704,86,
Kate,-2021,Action$ Adventure$ Crime,,,106,
Ibiza,-2018,Comedy$ Romance,5.2,16358,94,
Boss,(2011–2012),Crime$ Drama,8.1,17281,56,
Message from the King,-2016,Action$ Crime$ Drama,6.4,15158,102,
The Prince,(I) (2014),Action$ Thriller,4.6,17952,93,
Day of the Dead: Bloodline,-2017,Action$ Drama$ Horror,3.4,10173,90,
Kingdom,(2012– ),Animation$ Action$ Drama,8.1,900,,
The Kindergarten Teacher,-2018,Drama$ Thriller,6.7,13946,96,
Father of the Year,-2018,Comedy,5.2,10647,94,
W - Du gaeui segye,-2016,Drama$ Fantasy$ Romance,8.1,7644,60,
Final Girl,-2015,Horror$ Thriller,4.7,15269,84,
Spooks: The Greater Good,-2015,Action$ Drama$ Thriller,6.2,21963,104,
El caso Wanninkhof-Carabantes,-2021,Documentary$ Crime$ History,6.5,1357,88,
W/ Bob and David,-2015,Comedy,7.4,3941,30,
Kaguya-hime no monogatari,-2013,Animation$ Adventure$ Drama,8,41510,137,$1.51M
Two Distant Strangers,-2020,Short$ Drama$ Sci-Fi,6.9,12375,32,
See You Yesterday,-2019,Action$ Adventure$ Crime,5.2,10004,84,
ARQ,-2016,Action$ Sci-Fi$ Thriller,6.4,36715,88,
Dumbo,-1941,Animation$ Adventure$ Drama,7.2,124409,64,$1.60M
Yankee,(2019– ),Drama,5.9,566,40,
Resident Evil,,Action$ Horror$ Sci-Fi,,,,
Elite Short Stories: Carla Samuel,-2021,Short$ Drama$ Romance,7,1669,43,
Owari No Seraph,-2015,Animation$ Action$ Adventure,7.5,4197,24,
1899,(2022– ),Drama$ History$ Horror,,,,
Le Petit Prince,-2015,Animation$ Adventure$ Drama,7.7,58668,108,$1.34M
Love is Blind: After the Altar,(2021– ),Reality-TV,5.4,39,45,
Tell Me Who I Am,-2019,Documentary$ Drama$ Mystery,7.6,12328,86,
Anazâ,-2012,Animation$ Drama$ Horror,7.6,12437,300,
Operation Buffalo,-2020,Adventure$ Comedy$ Drama,6.6,551,52,
Tangerine,-2015,Comedy$ Crime$ Drama,7.1,28651,88,$0.70M
Le chalet,(2017–2018),Drama$ Mystery$ Thriller,7,6352,52,
Great Pretender,(2020– ),Animation$ Action$ Adventure,8,3419,23,
Love$ Guaranteed,-2020,Comedy$ Romance,5.6,15183,90,
Sandy Wexler,-2017,Comedy,5.2,15619,130,
Raat Akeli Hai,-2020,Crime$ Drama$ Mystery,7.3,16281,149,
Bitter Daisies,(2018–2020),Drama$ Thriller,7.2,2864,70,
The Starling,-2021,Comedy$ Drama$ Fantasy,,,102,
Survivor,(I) (2015),Action$ Crime$ Thriller,5.6,32250,96,
Top Chef,(2006– ),Game-Show$ Reality-TV,7.6,5774,44,
A Man Apart,-2003,Action$ Crime$ Drama,6.1,46040,109,$26.18M
Znaki,(2018– ),Crime$ Thriller,6.3,1300,,
Love Hard,-2021,Comedy$ Romance,,,,
Beruseruku,(2016–2017),Animation$ Action$ Drama,6.8,4953,24,
Romeo & Juliet,(II) (2013),Drama$ Romance,5.8,11411,118,$1.16M
Think Like a Dog,-2020,Comedy$ Drama$ Family,5.2,1350,91,
The Christmas Chronicles: Part Two,-2020,Adventure$ Comedy$ Family,6,24413,112,
You Get Me,-2017,Crime$ Drama$ Romance,4.7,12119,89,
Aterrados,-2017,Horror,6.5,12989,87,
Edge of Fear,-2018,Action$ Crime$ Thriller,4.4,2652,91,
Equinox,(2020– ),Drama$ Fantasy$ Mystery,6.1,5326,,
Mongol,-2007,Action$ Biography$ Drama,7.2,45408,126,$5.70M
Yi Guyeokui Michin X,(2021– ),Comedy$ Drama$ Romance,7.9,718,30,
Hap and Leonard,(2016–2018),Crime$ Drama$ Mystery,7.7,7034,60,
Bullet Head,-2017,Crime$ Drama$ Thriller,5.4,9317,93,
The Gunman,-2015,Action$ Crime$ Thriller,5.8,39993,115,$10.64M
Winx Club,(2004– ),Animation$ Action$ Adventure,6.2,5202,25,
Odd Squad,(2014– ),Action$ Adventure$ Comedy,6.5,946,27,
Chewing Gum,(2015–2017),Comedy,7.7,8245,23,
Persuasion,-2022,Drama$ Romance,,,,
Bright 2,,Action$ Adventure$ Crime,,,,
Swedish Dicks,(2016–2018),Comedy$ Crime,6.8,3064,30,
Fate/stay night: Unlimited Blade Works,(2014–2015),Animation$ Action$ Fantasy,8,6739,24,
Private Life,-2018,Comedy$ Drama,7.2,17616,123,
The Beyond,-2017,Drama$ Sci-Fi,4.9,5839,103,
Avatar: The Last Airbender,,Action$ Adventure$ Fantasy,,,,
After Porn Ends 2,-2017,Documentary,5.5,2512,90,
Sierra Burgess Is a Loser,-2018,Comedy$ Drama$ Romance,5.8,36624,105,
Yu yu hakusho,(1992–1995),Animation$ Action$ Adventure,8.4,12214,24,
Ingobernable,(2017– ),Crime$ Drama$ Mystery,7.1,2858,40,
Disjointed,(2017–2018),Comedy,6.8,9330,30,
Home Team,,Comedy$ Sport,,,,
Steins;Gate 0,-2018,Animation$ Drama$ Mystery,8.4,6559,30,
Kung Fury,-2015,Short$ Action$ Comedy,8,57319,31,
The Division,,Action$ Adventure$ Drama,,,,
Between,(2015–2016),Drama$ Mystery$ Sci-Fi,6,8647,60,
Gantz: O,-2016,Animation$ Action$ Drama,7.1,13531,95,
Inside Man: Most Wanted,-2019,Action$ Crime$ Thriller,5.6,3439,105,
Ghost Stories,-2020,Horror$ Thriller,4.3,4750,144,
Luckiest Girl Alive,-2022,Drama$ Mystery,,,,
The Get Down,(2016–2017),Drama$ Music$ Musical,8.3,21504,52,
The Last Czars,-2019,Documentary$ Drama$ History,7.3,6983,45,
The Perfect Date,(I) (2019),Comedy$ Romance,5.8,35113,89,
Sergio,-2020,Biography$ Drama$ History,6.1,8858,118,
Yin-Yang Master I,-2020,Action$ Drama$ Fantasy,6.5,4028,132,
Comedians in Cars Getting Coffee,(2012– ),Animation$ Comedy$ Family,8.1,11473,20,
The Keepers,(II) (2017),Documentary$ Crime$ Mystery,8.1,19750,436,
Hache,(2019–2021),Crime$ Drama$ Thriller,6.5,1368,50,
Gokushufudo,(2021– ),Animation$ Action$ Comedy,7.3,2437,16,
World Without End,-2012,Drama$ History$ Romance,7,8271,374,
The Paradise,(2012–2013),Drama,7.7,10883,60,
The Open House,-2018,Horror$ Thriller,3.2,32382,94,
Yeokdoyojeong Gim Bokju,(2016–2017),Comedy$ Romance,8.4,6035,60,
Crouching Tiger$ Hidden Dragon: Sword of Destiny,-2016,Action$ Adventure$ Drama,6.1,18540,96,
All Together Now,-2020,Drama,6.5,3578,92,
Yip Man 3,-2015,Action$ Biography$ Drama,7.1,51648,105,$2.68M
Mugen no jûnin,-2017,Action$ Drama$ Fantasy,6.8,16248,140,$0.15M
Sexy Beasts,(2014– ),Comedy,5.5,53,,
Monster: The Jeffrey Dahmer Story,(2022– ),Biography$ Crime$ Drama,,,,
Irreplaceable You,-2018,Comedy$ Drama$ Romance,6.4,8778,96,
Cocaine Cowboys: The Kings of Miami,-2021,Documentary$ Crime$ History,,,,
Chef's Table,(2015–2019),Documentary,8.5,14082,50,
Kal Hee,-1991,Animation$ Drama$ Romance,7.6,28969,118,$0.45M
First They Killed My Father,-2017,Biography$ Drama$ History,7.2,16871,136,
Hot Girls Wanted: Turned On,-2017,Documentary,6.6,2061,280,
Le chant du loup,-2019,Action$ Adventure$ Sci-Fi,6.9,15211,115,
Extracurricular,-2020,Crime$ Drama,7.7,3538,50,
Hasta el cielo,-2020,Action$ Adventure$ Crime,5.6,2880,121,
True Memoirs of an International Assassin,-2016,Action$ Comedy$ Crime,5.9,21442,98,
Carmen Sandiego,(2019–2021),Animation$ Action$ Adventure,7.9,4796,22,
Plus/Minus,,Drama$ Fantasy,,,,
The New Legends of Monkey,(2018– ),Action$ Adventure$ Comedy,6.5,3894,24,
Bo Burnham: Make Happy,(2016 TV Special),Comedy$ Music,8.4,12350,60,
Kahaani,-2012,Mystery$ Thriller,8.1,59675,122,$1.04M
A Babysitter's Guide to Monster Hunting,-2020,Comedy$ Family$ Fantasy,5.4,3434,98,
Pray Away,-2021,Documentary,6.2,159,101,
Haunted,(2018– ),Horror$ Reality-TV,4.7,2934,24,
Q-Force,(2021– ),Animation$ Action$ Adventure,,,30,
Unbreakable Kimmy Schmidt: Kimmy vs the Reverend,(2020 TV Movie),Adventure$ Comedy$ Mystery,7,4302,80,
Arbitrage,-2012,Drama$ Thriller,6.6,51051,107,$7.92M
A Suitable Boy,(2020– ),Drama$ Romance,5.7,4567,60,
The Innocents,-2018,Drama$ Horror$ Mystery,6.3,5470,60,
Premium Rush,-2012,Action$ Crime$ Thriller,6.5,111533,91,$20.28M
La valla,(2020– ),Drama$ Sci-Fi,6.8,2911,50,
Champions,-2018,Comedy,6.1,3361,30,
Like Father,-2018,Comedy$ Drama,6.1,20183,98,
Pretend It's a City,-2021,Documentary$ Biography$ Comedy,8.1,5915,203,
Ask-i Memnu,(2008–2010),Drama$ Romance,7.4,12276,90,
La vita davanti a sé,-2020,Drama,6.8,12655,94,
Yummy,-2019,Action$ Comedy$ Horror,5.9,4301,88,
My Babysitter's a Vampire,(2011–2012),Action$ Comedy$ Fantasy,7.1,3986,22,
Day Shift,,Comedy$ Fantasy,,,,
Tramps,-2016,Adventure$ Romance,6.5,5016,82,
Unité 42,(2017– ),Crime$ Drama$ Thriller,7,1997,52,
Why Are You Like This?,(2018– ),Comedy,6.5,1142,,
Gedo senki,-2006,Animation$ Adventure$ Fantasy,6.4,37082,115,$0.05M
Gekijouban Bishoujo Senshi Sailor Moon Eternal,-2021,Animation$ Action$ Adventure,7.1,932,160,
Homunculus,-2021,Drama$ Fantasy$ Mystery,5.6,1819,115,
We Have A Ghost,,Adventure$ Family$ Horror,,,,
The Painted Veil,-2006,Drama$ Romance,7.5,90212,125,$8.06M
Enola Holmes 2,,Action$ Adventure$ Crime,,,,
Beirut,-2018,Action$ Crime$ Drama,6.5,20085,110,$5.02M
Teströl és lélekröl,-2017,Drama$ Fantasy$ Mystery,7.6,25551,116,
An Interview with God,-2018,Drama$ Mystery,5.8,3470,97,$1.25M
Sangre en la boca,-2016,Drama$ Sport,5.6,647,97,
Luis Miguel: La Serie,(2018– ),Biography$ Drama$ History,8,3695,60,
Jamtara: Sabka Number Ayega,(2020– ),Crime,7.3,5236,29,
Article 15,-2019,Crime$ Drama$ Mystery,8.2,26537,130,
Return to Sender,(I) (2015),Drama$ Thriller,5.1,12670,92,
Degrassi: Next Class,(2016–2017),Drama$ Romance,6.9,2876,30,
Hoops,-2020,Animation$ Comedy$ Sport,6,4896,25,
Sangsogjadeul,-2013,Comedy$ Drama$ Romance,7.5,8525,55,
O Vendedor de Sonhos,-2016,Drama,5.8,1191,98,
Players,,Comedy$ Romance,,,,
Into the Forest,-2015,Drama$ Thriller,5.8,19853,101,$0.01M
Somebody Feed Phil,(2018– ),Documentary,8.3,3936,60,
Smurfs: The Lost Village,-2017,Animation$ Adventure$ Comedy,6,19549,90,$45.02M
Wheelman,-2017,Action$ Crime$ Thriller,6.4,18749,82,
Lethal Seduction,-2015,Thriller,5.1,824,80,
The Other Side of the Wind,-2018,Drama,6.8,6717,122,
The Indian Detective,-2017,Comedy$ Crime$ Drama,6.5,2906,44,
El ministerio del tiempo,(2015– ),Adventure$ Comedy$ Fantasy,8.2,4623,70,
She's Gotta Have It,(2017–2019),Comedy,6.8,4322,30,
Girlboss,-2017,Comedy,7,16285,26,
Kon-Tiki,-2012,Adventure$ Biography$ Drama,7.2,47166,118,$1.52M
Next Gen,(I) (2018),Animation$ Action$ Adventure,6.6,15524,106,
Moesha,(1996–2001),Comedy$ Drama$ Family,5.8,3430,30,
Unsolved,(2018– ),Biography$ Crime,7.9,7032,60,
De nærmeste,-2015,Drama,5.6,1192,106,
Arifureta Shokugyou de Sekai Saikyou,(2019– ),Animation$ Action$ Adventure,7,1613,23,
Under the Shadow,-2016,Drama$ Fantasy$ Horror,6.9,25632,84,$0.03M
Satsuriku no Tenshi,-2018,Animation$ Adventure$ Horror,6.4,1411,24,
A Man for All Seasons,-1966,Biography$ Drama$ History,7.7,32729,120,$28.35M
Wednesday,(II),Comedy$ Family$ Fantasy,,,,
Nabillera,(2021– ),Drama,8.8,1161,60,
La Révolution,-2020,Action$ Adventure$ Drama,6.5,4901,,
Spaceman of Bohemia,,Adventure$ Drama$ Sci-Fi,,,,
Sniper: Assassin's End,(2020 Video),Action$ Thriller,5.4,1649,95,
Grand Designs,(1999– ),Documentary,8.5,2855,50,
Hope Gap,-2019,Drama$ Romance,6.7,4085,100,
Million Dollar Arm,-2014,Biography$ Drama$ Sport,7,44546,124,$36.45M
Run On,(2020–2021),Drama$ Romance,7.6,1638,70,
The Dawn Wall,-2017,Documentary$ Biography$ Sport,8.1,16824,100,$1.08M
Tabula Rasa,-2017,Drama$ Horror$ Thriller,8,9128,60,
Evil Genius: The True Story of America's Most Diabolical Bank Heist,-2018,Documentary$ Crime,7.5,25186,192,
Alex Strangelove,-2018,Comedy$ Drama$ Romance,6.3,15972,99,
Down to Earth with Zac Efron,(2020– ),Documentary$ Short$ History,8.1,5754,,
The Rational Life,(2021– ),Drama$ Romance,8.2,192,45,
Winchester '73,-1950,Action$ Drama$ Western,7.6,18670,92,
Big Game,-2014,Action$ Adventure,5.4,31914,90,$0.02M
The Bookshop,-2017,Drama,6.5,13939,113,$1.33M
Zoe,(I) (2018),Romance$ Sci-Fi,6.1,8146,104,
Clinical,-2017,Horror$ Thriller,5.1,7392,104,
D-Tox,-2002,,5.3,25639,96,$0.08M
AlRawabi School for Girls,-2021,,,,,
Our Souls at Night,-2017,,6.9,12344,103,
The Toys That Made Us,(2017– ),Documentary$ Comedy$ History,8.1,5161,46,
Down a Dark Hall,-2018,Drama$ Fantasy$ Horror,5.1,12631,96,
Zheng tu,-2020,Action$ Adventure$ Fantasy,6.1,3578,110,
A Boy Called Christmas,-2021,Adventure$ Drama$ Family,,,,
Clarence,(2013–2018),Animation$ Short$ Adventure,6.6,7736,23,
Fyre,-2019,Documentary$ Crime$ Music,7.2,39575,97,
El bar,-2017,Comedy$ Horror$ Thriller,6.3,24421,102,
Black Earth Rising,-2018,Thriller,7.5,4361,60,
Self Made: Inspired by the Life of Madam C.J. Walker,-2020,Biography$ Drama$ History,7.3,10219,191,
Stree,-2018,,7.6,30544,128,
Death to 2020,(2020 TV Special),,6.8,34649,70,
Word of Honor,(2021– ),Action$ Drama$ Fantasy,9.1,2166,45,
Romaenseuneun Byulchaekboorok,-2019,Romance,8.1,3704,62,
Green Eggs and Ham,(2019– ),Animation$ Short$ Adventure,8.2,2030,26,
A United Kingdom,-2016,Biography$ Drama$ History,6.9,15365,111,$3.90M
Small Crimes,-2017,Crime$ Drama$ Thriller,5.8,7416,95,
PJ Masks,(2015–2021),Animation$ Action$ Adventure,5.5,1024,24,
Christmas in the Wild,-2019,Comedy$ Drama$ Romance,6.1,13005,85,
Pokémon Journeys,(2019– ),,6.2,177,,
Curon,-2020,Drama$ Fantasy$ Horror,5.8,3586,,
Naissance des pieuvres,-2007,,6.7,10813,85,$0.08M
Falsa Identidad,(2018– ),Crime$ Drama$ Thriller,7.2,262,,
The Princess Switch: Switched Again,-2020,Comedy$ Drama$ Family,5.4,8340,96,
Jue di tao wang,-2016,Action$ Adventure$ Comedy,5.7,19872,107,$0.00M
The Hurricane Heist,-2018,Action$ Adventure$ Crime,5.1,19776,103,$6.12M
Flight 7500,-2014,Drama$ Horror$ Sci-Fi,4.8,15349,80,
Elisa y Marcela,-2019,Biography$ Drama$ Romance,6.6,3984,118,
Sanyangeui sigan,-2020,Action$ Crime$ Drama,6.3,4458,134,
Men Behaving Badly,(1992–2014),,7.7,7550,45,
Balle perdue,-2020,Action$ Crime$ Thriller,6.2,8228,92,
Ji hun,-2021,Drama$ Mystery$ Sci-Fi,6.6,1926,130,
Yangguang puzhao,-2019,,7.6,6542,156,
Xin shen bang: Ne Zha chong sheng,-2021,Animation$ Action$ Fantasy,6.9,2212,118,
Bom Dia$ Verônica,(2020– ),Crime$ Drama$ Mystery,7.6,2893,49,
Crime Scene: The Vanishing at the Cecil Hotel,-2021,Documentary$ Crime$ Mystery,5.9,15072,219,
The Night Before,(II) (2015),,6.4,68503,101,$43.04M
En affære,-2018,Drama$ Thriller,5.5,1682,92,
The Bubble,,,,,,
Get Even,(2020– ),Crime$ Drama$ Thriller,6.5,1904,28,
Fi,(2017–2018),,7.8,9721,60,
Coffee & Kareem,-2020,Action$ Comedy$ Crime,5.1,12524,88,
The World of the Married,(2020– ),,8.1,1863,80,
Looking Glass,(I) (2018),Mystery$ Thriller,4.6,6155,103,
The Debt Collector,-2018,,5.8,6619,95,
Laggies,-2014,Comedy$ Drama$ Romance,6.4,42740,99,$0.44M
Kôkaku kidôtai: Stand Alone Complex,(2002–2005),Animation$ Action$ Crime,8.5,18383,24,
The Double,(I) (2011),Action$ Crime$ Drama,5.9,29333,98,
Bo Burnham: what.,(2013 TV Special),,8.4,9995,60,
Nightworld,-2017,Horror$ Thriller,4.4,2155,92,
I Am the Pretty Thing That Lives in the House,-2016,Drama$ Horror$ Mystery,4.6,13685,89,
Tower of God,(2020– ),Animation$ Action$ Adventure,7.8,4059,23,
Dirty Money,(2018– ),,8.1,8359,60,
Love/Hate,(2010–2014),Crime$ Drama,8.5,6346,51,
Pieles,-2017,Comedy$ Drama$ Fantasy,6.2,5206,77,
Malang - Unleash the Madness,-2020,Action$ Crime$ Drama,6.5,9236,135,
Seulgirowun Gamppangsaenghwal,(2017–2018),Comedy$ Drama,8.4,2163,90,
Dolly Parton's Heartstrings,(2019– ),Comedy$ Drama$ Music,7.6,1920,62,
Kagittan Hayatlar,-2021,Drama,6.7,10210,96,
Mark Felt: The Man Who Brought Down the White House,-2017,Biography$ Drama$ History,6.4,12491,103,$0.77M
Forces spéciales,-2011,Action$ Drama$ War,6.4,18275,109,$0.01M
Death Warrant,-1990,Action$ Crime$ Mystery,5.7,17926,89,$16.85M
Eden,(I) (2021– ),Animation$ Action$ Adventure,6.6,821,25,
Beyond a Reasonable Doubt,-2009,Crime$ Drama$ Mystery,5.9,12570,106,$0.03M
